apk_name,sha256,label,source,feat_size_bytes,feat_dex_count,feat_perm_total,feat_perm_dangerous_count,feat_perm_send_sms,feat_perm_receive_sms,feat_perm_read_sms,feat_perm_call_phone,feat_perm_read_call_log,feat_perm_fine_location,feat_perm_bg_location,feat_perm_read_contacts,feat_perm_get_accounts,feat_perm_read_external,feat_perm_write_external,feat_perm_manage_external,feat_perm_camera,feat_perm_record_audio,feat_perm_request_install,feat_perm_bind_accessibility,feat_perm_alert_window,feat_perm_biometric,feat_perm_receive_boot,feat_perm_foreground_svc,feat_perm_process_calls,feat_perm_read_phone_state,feat_perm_change_network,feat_perm_change_wifi,feat_perm_disable_keyguard,feat_activity_count,feat_service_count,feat_receiver_count,feat_provider_count,feat_api_exec_runtime,feat_api_reflection,feat_api_dynamic_dexload,feat_api_crypto,feat_api_sms_send,feat_api_telephony_read,feat_api_location_access,feat_api_root_check,feat_api_clipboard,feat_api_camera_silent,feat_api_audio_record,feat_cert_present,feat_cert_is_debug,feat_cert_subject_len
00001f58c32e40376f64cc88b70f8fad2fda054e0863abd5e41f4c6f18a65da2.apk,00001f58c32e40376f64cc88b70f8fad2fda054e0863abd5e41f4c6f18a65da2,1,androzoo,1514427.0,1.0,8.0,3.0,0.0,0.0,0.0,0.0,0.0,1.0,0.0,0.0,0.0,0.0,1.0,0.0,0.0,0.0,0.0,0.0,0.0,0.0,0.0,0.0,0.0,1.0,0.0,0.0,0.0,11.0,0.0,0.0,0.0,0.0,0.0,0.0,0.0,0.0,0.0,0.0,0.0,0.0,0.0,0.0,1.0,0.0,110.0
0000014a634db98f85038b833a8dfc50d5fb13a464e0b25994e439aef830cd70.apk,0000014a634db98f85038b833a8dfc50d5fb13a464e0b25994e439aef830cd70,0,androzoo,3537486.0,1.0,3.0,1.0,0.0,0.0,0.0,0.0,0.0,0.0,0.0,0.0,0.0,0.0,1.0,0.0,0.0,0.0,0.0,0.0,0.0,0.0,0.0,0.0,0.0,0.0,0.0,0.0,0.0,6.0,0.0,0.0,0.0,0.0,0.0,0.0,0.0,0.0,0.0,0.0,0.0,0.0,0.0,0.0,1.0,0.0,70.0
000002b63fad4b030787f6de4081dc1e12325026eb7ddad146c52f5f4fc2d525.apk,000002b63fad4b030787f6de4081dc1e12325026eb7ddad146c52f5f4fc2d525,0,androzoo,4300370.0,1.0,2.0,0.0,0.0,0.0,0.0,0.0,0.0,0.0,0.0,0.0,0.0,0.0,0.0,0.0,0.0,0.0,0.0,0.0,0.0,0.0,0.0,0.0,0.0,0.0,0.0,0.0,0.0,3.0,0.0,0.0,0.0,0.0,0.0,0.0,0.0,0.0,0.0,0.0,0.0,0.0,0.0,0.0,1.0,0.0,11.0
0000049d8911607971a3336de5cf36f4799d679d6bb9ef014cbfe73578a6e3ea.apk,0000049d8911607971a3336de5cf36f4799d679d6bb9ef014cbfe73578a6e3ea,0,androzoo,3161615.0,1.0,5.0,2.0,0.0,0.0,0.0,0.0,0.0,0.0,0.0,0.0,0.0,1.0,1.0,0.0,0.0,0.0,0.0,0.0,0.0,0.0,0.0,0.0,0.0,0.0,0.0,0.0,0.0,3.0,0.0,0.0,2.0,0.0,0.0,0.0,0.0,0.0,0.0,0.0,0.0,0.0,0.0,0.0,1.0,0.0,138.0
0000090c2169eff7e9a889ca1953cf39c887e0fd23a9bef6e44a387339842c40.apk,0000090c2169eff7e9a889ca1953cf39c887e0fd23a9bef6e44a387339842c40,0,androzoo,2541606.0,1.0,3.0,1.0,0.0,0.0,0.0,0.0,0.0,0.0,0.0,0.0,0.0,0.0,0.0,0.0,0.0,0.0,0.0,0.0,0.0,0.0,0.0,0.0,0.0,1.0,0.0,0.0,0.0,3.0,1.0,2.0,0.0,0.0,0.0,0.0,0.0,0.0,0.0,0.0,0.0,0.0,0.0,0.0,1.0,0.0,28.0
00000989f3e215ba9fc3bdd5b56af751343b540c1026bf42aea8febf68874ecc.apk,00000989f3e215ba9fc3bdd5b56af751343b540c1026bf42aea8febf68874ecc,0,androzoo,1375862.0,1.0,9.0,3.0,0.0,0.0,0.0,0.0,0.0,0.0,0.0,0.0,1.0,0.0,1.0,0.0,1.0,0.0,0.0,0.0,0.0,0.0,0.0,0.0,0.0,0.0,0.0,0.0,0.0,8.0,1.0,1.0,0.0,0.0,0.0,0.0,0.0,0.0,0.0,0.0,0.0,0.0,0.0,0.0,1.0,0.0,18.0
000010f33b578b4b5c33724520e38bd44485705dc1b6adde4975ebba7f114355.apk,000010f33b578b4b5c33724520e38bd44485705dc1b6adde4975ebba7f114355,0,androzoo,4727630.0,1.0,7.0,1.0,0.0,0.0,0.0,0.0,0.0,0.0,0.0,0.0,0.0,0.0,1.0,0.0,0.0,0.0,0.0,0.0,0.0,0.0,0.0,0.0,0.0,0.0,0.0,0.0,0.0,7.0,6.0,3.0,1.0,0.0,0.0,0.0,0.0,0.0,0.0,0.0,0.0,0.0,0.0,0.0,1.0,0.0,148.0
0000143ef8d00e3a65c5c8c380221d00678fed906fdc2ebc483d1987457c7b2b.apk,0000143ef8d00e3a65c5c8c380221d00678fed906fdc2ebc483d1987457c7b2b,0,androzoo,1882706.0,1.0,15.0,4.0,0.0,0.0,0.0,0.0,0.0,0.0,0.0,0.0,1.0,0.0,1.0,0.0,0.0,1.0,0.0,0.0,0.0,0.0,0.0,0.0,0.0,1.0,0.0,0.0,0.0,2.0,1.0,1.0,0.0,0.0,0.0,0.0,0.0,0.0,0.0,0.0,0.0,0.0,0.0,0.0,1.0,0.0,133.0
00001c3ddd0fa4797dac37098fc4f1609d50b2e6be61213ca0ba8f38c02049cf.apk,00001c3ddd0fa4797dac37098fc4f1609d50b2e6be61213ca0ba8f38c02049cf,0,androzoo,223372.0,1.0,8.0,2.0,0.0,0.0,0.0,0.0,0.0,0.0,0.0,1.0,1.0,0.0,0.0,0.0,0.0,0.0,0.0,0.0,0.0,0.0,0.0,0.0,0.0,0.0,0.0,0.0,0.0,4.0,1.0,1.0,0.0,0.0,0.0,0.0,0.0,0.0,0.0,0.0,0.0,0.0,0.0,0.0,1.0,0.0,150.0
00001c429e58e2795b815f0eb63c603837afc0ee76e9ae633c27021e11435bb2.apk,00001c429e58e2795b815f0eb63c603837afc0ee76e9ae633c27021e11435bb2,0,androzoo,2559861.0,1.0,7.0,2.0,0.0,0.0,0.0,0.0,0.0,0.0,0.0,0.0,0.0,0.0,1.0,0.0,0.0,0.0,0.0,0.0,0.0,0.0,0.0,0.0,0.0,1.0,0.0,0.0,0.0,3.0,1.0,2.0,0.0,0.0,0.0,0.0,0.0,0.0,0.0,0.0,0.0,0.0,0.0,0.0,1.0,0.0,135.0
0000230ae0799eaa963f0ae5337a0e6e1ac32acf1fa4e3c5fa7783cbae2efe77.apk,0000230ae0799eaa963f0ae5337a0e6e1ac32acf1fa4e3c5fa7783cbae2efe77,0,androzoo,669965.0,1.0,3.0,2.0,0.0,0.0,0.0,0.0,0.0,0.0,0.0,0.0,0.0,0.0,1.0,0.0,0.0,0.0,0.0,0.0,0.0,0.0,0.0,0.0,0.0,1.0,0.0,0.0,0.0,1.0,0.0,0.0,0.0,0.0,0.0,0.0,0.0,0.0,0.0,0.0,0.0,0.0,0.0,0.0,1.0,0.0,134.0
000023794363c30636b7f1f22e3736329a8615621814e5f6a0a8b6268ea15c15.apk,000023794363c30636b7f1f22e3736329a8615621814e5f6a0a8b6268ea15c15,0,androzoo,2320155.0,1.0,5.0,1.0,0.0,0.0,0.0,0.0,0.0,0.0,0.0,0.0,0.0,0.0,0.0,0.0,0.0,0.0,0.0,0.0,0.0,0.0,1.0,0.0,0.0,0.0,0.0,0.0,0.0,3.0,7.0,8.0,3.0,0.0,0.0,0.0,0.0,0.0,0.0,0.0,0.0,0.0,0.0,0.0,1.0,0.0,143.0
000023840783f38467e39cc93b0a9c8edb7df3a7f1d151245a16e6aa9e951ffc.apk,000023840783f38467e39cc93b0a9c8edb7df3a7f1d151245a16e6aa9e951ffc,0,androzoo,554618.0,1.0,14.0,6.0,0.0,0.0,0.0,0.0,0.0,1.0,0.0,1.0,1.0,0.0,1.0,0.0,1.0,1.0,0.0,0.0,0.0,0.0,0.0,0.0,0.0,0.0,0.0,0.0,0.0,2.0,0.0,0.0,0.0,0.0,0.0,0.0,0.0,0.0,0.0,0.0,0.0,0.0,0.0,0.0,1.0,0.0,141.0
00002dc4c5eb5b50df52649f58927903f4e1adf1d0f29435f44606f2740a667e.apk,00002dc4c5eb5b50df52649f58927903f4e1adf1d0f29435f44606f2740a667e,0,androzoo,3567145.0,1.0,6.0,2.0,0.0,0.0,0.0,0.0,0.0,1.0,0.0,0.0,0.0,0.0,1.0,0.0,0.0,0.0,0.0,0.0,0.0,0.0,0.0,0.0,0.0,0.0,0.0,0.0,0.0,2.0,0.0,0.0,0.0,0.0,0.0,0.0,0.0,0.0,0.0,0.0,0.0,0.0,0.0,0.0,1.0,0.0,137.0
00003198117ad92e2aeac2c7594740cae12e8326f80ef7d9dc93b30ab0a400cb.apk,00003198117ad92e2aeac2c7594740cae12e8326f80ef7d9dc93b30ab0a400cb,0,androzoo,4866841.0,2.0,14.0,6.0,0.0,0.0,0.0,0.0,0.0,1.0,0.0,1.0,1.0,1.0,1.0,0.0,1.0,0.0,0.0,0.0,0.0,0.0,0.0,0.0,0.0,0.0,0.0,0.0,0.0,14.0,7.0,4.0,2.0,0.0,0.0,0.0,0.0,0.0,0.0,0.0,0.0,0.0,0.0,0.0,1.0,0.0,143.0
000032d5b11cb0b00da0a45f08812a576b7a926209b8ed15fafe671b7246697f.apk,000032d5b11cb0b00da0a45f08812a576b7a926209b8ed15fafe671b7246697f,0,androzoo,3382093.0,1.0,7.0,2.0,0.0,0.0,0.0,0.0,0.0,0.0,0.0,0.0,0.0,0.0,0.0,0.0,0.0,0.0,0.0,0.0,0.0,0.0,1.0,1.0,0.0,0.0,0.0,0.0,0.0,2.0,5.0,8.0,3.0,0.0,0.0,0.0,0.0,0.0,0.0,0.0,0.0,0.0,0.0,0.0,1.0,0.0,143.0
00003326aed0f089e9c5f35256a7daf3b0662faa2e3f4c66d384c27e7a43e1e8.apk,00003326aed0f089e9c5f35256a7daf3b0662faa2e3f4c66d384c27e7a43e1e8,0,androzoo,3959369.0,1.0,21.0,8.0,0.0,0.0,0.0,0.0,0.0,1.0,0.0,0.0,0.0,1.0,1.0,0.0,1.0,0.0,0.0,0.0,1.0,0.0,0.0,0.0,0.0,1.0,1.0,1.0,0.0,33.0,3.0,3.0,0.0,0.0,0.0,0.0,0.0,0.0,0.0,0.0,0.0,0.0,0.0,0.0,1.0,0.0,74.0
000036ac32cd1d71e70da2b0e16ec007050976edbe1b69c2c2288ebc967bd640.apk,000036ac32cd1d71e70da2b0e16ec007050976edbe1b69c2c2288ebc967bd640,0,androzoo,4207678.0,1.0,6.0,1.0,0.0,0.0,0.0,0.0,0.0,0.0,0.0,0.0,0.0,0.0,0.0,0.0,0.0,0.0,0.0,0.0,0.0,0.0,1.0,0.0,0.0,0.0,0.0,0.0,0.0,4.0,2.0,1.0,0.0,0.0,0.0,0.0,0.0,0.0,0.0,0.0,0.0,0.0,0.0,0.0,1.0,0.0,164.0
000039bca5c0f3722e746a44942308184552c046b6d24c2417db78f3a9ea8c7d.apk,000039bca5c0f3722e746a44942308184552c046b6d24c2417db78f3a9ea8c7d,0,androzoo,3264729.0,1.0,2.0,0.0,0.0,0.0,0.0,0.0,0.0,0.0,0.0,0.0,0.0,0.0,0.0,0.0,0.0,0.0,0.0,0.0,0.0,0.0,0.0,0.0,0.0,0.0,0.0,0.0,0.0,3.0,0.0,0.0,0.0,0.0,0.0,0.0,0.0,0.0,0.0,0.0,0.0,0.0,0.0,0.0,1.0,0.0,34.0
000039c61012480e58fc642604a5a53972b0414d9f78cf25a01d45d3438dbc77.apk,000039c61012480e58fc642604a5a53972b0414d9f78cf25a01d45d3438dbc77,0,androzoo,2972974.0,1.0,7.0,4.0,0.0,0.0,0.0,0.0,0.0,1.0,0.0,1.0,0.0,0.0,1.0,0.0,0.0,0.0,0.0,0.0,0.0,0.0,0.0,0.0,0.0,1.0,0.0,0.0,0.0,36.0,0.0,0.0,0.0,0.0,0.0,0.0,0.0,0.0,0.0,0.0,0.0,0.0,0.0,0.0,1.0,0.0,108.0
000040123df387dfbbb46132e26ce74a75d3935e5a04656e48ebb882107e953f.apk,000040123df387dfbbb46132e26ce74a75d3935e5a04656e48ebb882107e953f,0,androzoo,3992726.0,1.0,8.0,2.0,0.0,0.0,0.0,0.0,0.0,0.0,0.0,0.0,0.0,1.0,1.0,0.0,0.0,0.0,0.0,0.0,0.0,0.0,0.0,0.0,0.0,0.0,0.0,0.0,0.0,4.0,1.0,1.0,0.0,0.0,0.0,0.0,0.0,0.0,0.0,0.0,0.0,0.0,0.0,0.0,1.0,0.0,24.0
000040290a90f689fb71a84a1d85064867e6a4924e5b034331be716578d108a2.apk,000040290a90f689fb71a84a1d85064867e6a4924e5b034331be716578d108a2,0,androzoo,45969.0,1.0,2.0,1.0,0.0,0.0,0.0,0.0,0.0,0.0,0.0,0.0,0.0,0.0,0.0,0.0,0.0,0.0,0.0,0.0,0.0,0.0,0.0,0.0,0.0,1.0,0.0,0.0,0.0,1.0,0.0,0.0,0.0,0.0,0.0,0.0,0.0,0.0,0.0,0.0,0.0,0.0,0.0,0.0,1.0,0.0,143.0
000040a9b9ebc7fcd250b9a115c015114bcd77e10a94d151438864e6f111a631.apk,000040a9b9ebc7fcd250b9a115c015114bcd77e10a94d151438864e6f111a631,0,androzoo,1234522.0,1.0,7.0,4.0,0.0,0.0,0.0,0.0,0.0,1.0,0.0,0.0,0.0,1.0,1.0,0.0,1.0,0.0,0.0,0.0,0.0,0.0,0.0,0.0,0.0,0.0,0.0,0.0,0.0,1.0,0.0,0.0,0.0,0.0,0.0,0.0,0.0,0.0,0.0,0.0,0.0,0.0,0.0,0.0,1.0,0.0,143.0
00004295316d5993b4607d230954ab2a5e3cca611f7b4212fb31e5f93585b04f.apk,00004295316d5993b4607d230954ab2a5e3cca611f7b4212fb31e5f93585b04f,0,androzoo,3020719.0,1.0,6.0,0.0,0.0,0.0,0.0,0.0,0.0,0.0,0.0,0.0,0.0,0.0,0.0,0.0,0.0,0.0,0.0,0.0,0.0,0.0,0.0,0.0,0.0,0.0,0.0,0.0,0.0,4.0,4.0,4.0,1.0,0.0,0.0,0.0,0.0,0.0,0.0,0.0,0.0,0.0,0.0,0.0,1.0,0.0,18.0
000046af75b3e9b34d9df6b5084a7649d5a0b4df82ca1e4f87ea61423b92acf5.apk,000046af75b3e9b34d9df6b5084a7649d5a0b4df82ca1e4f87ea61423b92acf5,0,androzoo,1460067.0,1.0,4.0,1.0,0.0,0.0,0.0,0.0,0.0,1.0,0.0,0.0,0.0,0.0,0.0,0.0,0.0,0.0,0.0,0.0,0.0,0.0,0.0,0.0,0.0,0.0,0.0,0.0,0.0,1.0,0.0,0.0,0.0,0.0,0.0,0.0,0.0,0.0,0.0,0.0,0.0,0.0,0.0,0.0,1.0,0.0,139.0
000047ebe8af204f8e39cc9cfc314ef96ec37ec0a145b310424b1faddc6f98fc.apk,000047ebe8af204f8e39cc9cfc314ef96ec37ec0a145b310424b1faddc6f98fc,0,androzoo,2853154.0,1.0,2.0,0.0,0.0,0.0,0.0,0.0,0.0,0.0,0.0,0.0,0.0,0.0,0.0,0.0,0.0,0.0,0.0,0.0,0.0,0.0,0.0,0.0,0.0,0.0,0.0,0.0,0.0,2.0,0.0,0.0,0.0,0.0,0.0,0.0,0.0,0.0,0.0,0.0,0.0,0.0,0.0,0.0,1.0,0.0,143.0
000049f9c8b2421f186fb9e4e02852b2f51ddf6301e14fe0c5133ca17e45b28c.apk,000049f9c8b2421f186fb9e4e02852b2f51ddf6301e14fe0c5133ca17e45b28c,0,androzoo,3860453.0,1.0,5.0,1.0,0.0,0.0,0.0,0.0,0.0,0.0,0.0,0.0,0.0,0.0,1.0,0.0,0.0,0.0,0.0,0.0,0.0,0.0,0.0,0.0,0.0,0.0,0.0,0.0,0.0,3.0,0.0,0.0,0.0,0.0,0.0,0.0,0.0,0.0,0.0,0.0,0.0,0.0,0.0,0.0,1.0,0.0,175.0
0000518e240f5fe821dcf86939a79688e5c26cb52c8005fea1f7db829485f52c.apk,0000518e240f5fe821dcf86939a79688e5c26cb52c8005fea1f7db829485f52c,0,androzoo,3801205.0,1.0,12.0,5.0,0.0,0.0,0.0,0.0,0.0,1.0,0.0,0.0,0.0,0.0,1.0,0.0,0.0,0.0,0.0,0.0,0.0,0.0,0.0,0.0,0.0,1.0,0.0,1.0,1.0,15.0,1.0,3.0,0.0,0.0,0.0,0.0,0.0,0.0,0.0,0.0,0.0,0.0,0.0,0.0,1.0,0.0,108.0
0000527d37451f842d5ba27f59c0646e9be9b5f976421075bce7630fad1a58c1.apk,0000527d37451f842d5ba27f59c0646e9be9b5f976421075bce7630fad1a58c1,0,androzoo,920272.0,1.0,1.0,0.0,0.0,0.0,0.0,0.0,0.0,0.0,0.0,0.0,0.0,0.0,0.0,0.0,0.0,0.0,0.0,0.0,0.0,0.0,0.0,0.0,0.0,0.0,0.0,0.0,0.0,1.0,0.0,0.0,0.0,0.0,0.0,0.0,0.0,0.0,0.0,0.0,0.0,0.0,0.0,0.0,1.0,0.0,143.0
00005958e2e97ff7a887eaa58e06b0f3c217fdfc2940dcf76a4b60a9d8a98832.apk,00005958e2e97ff7a887eaa58e06b0f3c217fdfc2940dcf76a4b60a9d8a98832,0,androzoo,3336077.0,1.0,7.0,1.0,0.0,0.0,0.0,0.0,0.0,1.0,0.0,0.0,0.0,0.0,0.0,0.0,0.0,0.0,0.0,0.0,0.0,0.0,0.0,0.0,0.0,0.0,0.0,0.0,0.0,30.0,3.0,3.0,1.0,0.0,0.0,0.0,0.0,0.0,0.0,0.0,0.0,0.0,0.0,0.0,1.0,0.0,143.0
0000596f9a93a7379a6938897b7a27831a86b855944247c32e86b20161920509.apk,0000596f9a93a7379a6938897b7a27831a86b855944247c32e86b20161920509,0,androzoo,2479287.0,1.0,2.0,0.0,0.0,0.0,0.0,0.0,0.0,0.0,0.0,0.0,0.0,0.0,0.0,0.0,0.0,0.0,0.0,0.0,0.0,0.0,0.0,0.0,0.0,0.0,0.0,0.0,0.0,3.0,0.0,0.0,1.0,0.0,0.0,0.0,0.0,0.0,0.0,0.0,0.0,0.0,0.0,0.0,1.0,0.0,143.0
00005aead2427ab1928f508a7fea182c44c3b33a7828660c7c6f7eda8c9314f3.apk,00005aead2427ab1928f508a7fea182c44c3b33a7828660c7c6f7eda8c9314f3,0,androzoo,2007234.0,1.0,12.0,4.0,0.0,0.0,0.0,0.0,0.0,0.0,0.0,0.0,0.0,1.0,1.0,0.0,0.0,1.0,0.0,0.0,0.0,0.0,0.0,1.0,0.0,0.0,0.0,0.0,0.0,2.0,9.0,5.0,2.0,0.0,0.0,0.0,0.0,0.0,0.0,0.0,0.0,0.0,0.0,0.0,1.0,0.0,143.0
000068216bdb459df847bfdd67dd11069c3c50166db1ea8772cdc9250d948bcf.apk,000068216bdb459df847bfdd67dd11069c3c50166db1ea8772cdc9250d948bcf,0,androzoo,113036.0,1.0,2.0,2.0,0.0,0.0,0.0,0.0,0.0,0.0,0.0,0.0,0.0,0.0,1.0,0.0,0.0,0.0,0.0,0.0,0.0,0.0,1.0,0.0,0.0,0.0,0.0,0.0,0.0,6.0,1.0,3.0,0.0,0.0,0.0,0.0,0.0,0.0,0.0,0.0,0.0,0.0,0.0,0.0,1.0,0.0,28.0
0000751d270946f8eb9488b1a49fe747cb263b2a888a575ebc4724a039e5ffe5.apk,0000751d270946f8eb9488b1a49fe747cb263b2a888a575ebc4724a039e5ffe5,0,androzoo,2884755.0,1.0,2.0,0.0,0.0,0.0,0.0,0.0,0.0,0.0,0.0,0.0,0.0,0.0,0.0,0.0,0.0,0.0,0.0,0.0,0.0,0.0,0.0,0.0,0.0,0.0,0.0,0.0,0.0,6.0,0.0,0.0,0.0,0.0,0.0,0.0,0.0,0.0,0.0,0.0,0.0,0.0,0.0,0.0,1.0,0.0,28.0
0000888cf0a387a5932a9061eed8db1402cee21f4a9f43a3bfe987b58bfd3ae7.apk,0000888cf0a387a5932a9061eed8db1402cee21f4a9f43a3bfe987b58bfd3ae7,0,androzoo,2924396.0,1.0,1.0,0.0,0.0,0.0,0.0,0.0,0.0,0.0,0.0,0.0,0.0,0.0,0.0,0.0,0.0,0.0,0.0,0.0,0.0,0.0,0.0,0.0,0.0,0.0,0.0,0.0,0.0,1.0,0.0,0.0,1.0,0.0,0.0,0.0,0.0,0.0,0.0,0.0,0.0,0.0,0.0,0.0,1.0,0.0,143.0
000089401ebe39e91284f7f67da232ca6e1a517ecf30df431e3d771fab3c70bb.apk,000089401ebe39e91284f7f67da232ca6e1a517ecf30df431e3d771fab3c70bb,0,androzoo,2903474.0,1.0,12.0,4.0,0.0,0.0,0.0,0.0,0.0,1.0,0.0,1.0,0.0,0.0,0.0,0.0,1.0,1.0,0.0,0.0,0.0,0.0,0.0,0.0,0.0,0.0,0.0,0.0,0.0,9.0,7.0,4.0,5.0,0.0,0.0,0.0,0.0,0.0,0.0,0.0,0.0,0.0,0.0,0.0,1.0,0.0,143.0
00008b28a5312ba8e059d32630c5aa2f6302ff7993d0d3c4b59521646104533b.apk,00008b28a5312ba8e059d32630c5aa2f6302ff7993d0d3c4b59521646104533b,0,androzoo,966093.0,1.0,16.0,6.0,0.0,0.0,0.0,1.0,0.0,1.0,0.0,0.0,0.0,1.0,1.0,0.0,0.0,0.0,0.0,0.0,0.0,0.0,1.0,0.0,0.0,1.0,0.0,0.0,0.0,30.0,5.0,4.0,0.0,0.0,0.0,0.0,0.0,0.0,0.0,0.0,0.0,0.0,0.0,0.0,1.0,0.0,132.0
00008b3a99aae2c8bc6ffd4287a724597592e5531ec5e2dd2e2f76eb21346c82.apk,00008b3a99aae2c8bc6ffd4287a724597592e5531ec5e2dd2e2f76eb21346c82,0,androzoo,3990491.0,1.0,31.0,5.0,0.0,0.0,0.0,0.0,0.0,1.0,0.0,0.0,0.0,0.0,0.0,0.0,1.0,0.0,0.0,0.0,0.0,0.0,1.0,1.0,0.0,1.0,0.0,0.0,0.0,7.0,17.0,16.0,5.0,0.0,0.0,0.0,0.0,0.0,0.0,0.0,0.0,0.0,0.0,0.0,1.0,0.0,143.0
00008cb6ce7752544b147fe76b70a635db9a610db45b06c5c78efe7c7afa1079.apk,00008cb6ce7752544b147fe76b70a635db9a610db45b06c5c78efe7c7afa1079,0,androzoo,2599976.0,1.0,5.0,0.0,0.0,0.0,0.0,0.0,0.0,0.0,0.0,0.0,0.0,0.0,0.0,0.0,0.0,0.0,0.0,0.0,0.0,0.0,0.0,0.0,0.0,0.0,0.0,0.0,0.0,5.0,7.0,4.0,1.0,0.0,0.0,0.0,0.0,0.0,0.0,0.0,0.0,0.0,0.0,0.0,1.0,0.0,18.0
0000950dd934762396be9a9b4d2d8c823ca0a11128ccc96b1dc232ea16cd1f41.apk,0000950dd934762396be9a9b4d2d8c823ca0a11128ccc96b1dc232ea16cd1f41,0,androzoo,4435522.0,1.0,4.0,1.0,0.0,0.0,0.0,0.0,0.0,0.0,0.0,0.0,0.0,0.0,0.0,0.0,1.0,0.0,0.0,0.0,0.0,0.0,0.0,0.0,0.0,0.0,0.0,0.0,0.0,3.0,0.0,0.0,2.0,0.0,0.0,0.0,0.0,0.0,0.0,0.0,0.0,0.0,0.0,0.0,1.0,0.0,143.0
000097da80dcb357cf4effcf60387ad2a243635f20336c09944974c8877207f9.apk,000097da80dcb357cf4effcf60387ad2a243635f20336c09944974c8877207f9,0,androzoo,1867196.0,1.0,5.0,2.0,0.0,0.0,0.0,0.0,0.0,1.0,0.0,0.0,0.0,0.0,1.0,0.0,0.0,0.0,0.0,0.0,0.0,0.0,0.0,0.0,0.0,0.0,0.0,0.0,0.0,33.0,31.0,0.0,0.0,0.0,0.0,0.0,0.0,0.0,0.0,0.0,0.0,0.0,0.0,0.0,1.0,0.0,125.0
00009b4419c6dbd9986fbed50a277290cc159370ddf2c3621295e1a610981d83.apk,00009b4419c6dbd9986fbed50a277290cc159370ddf2c3621295e1a610981d83,0,androzoo,4736726.0,1.0,10.0,7.0,0.0,0.0,0.0,0.0,0.0,1.0,0.0,0.0,0.0,1.0,1.0,0.0,1.0,0.0,0.0,0.0,1.0,0.0,1.0,1.0,0.0,0.0,0.0,0.0,0.0,12.0,4.0,4.0,1.0,0.0,0.0,0.0,0.0,0.0,0.0,0.0,0.0,0.0,0.0,0.0,1.0,0.0,143.0
00009d04abccef4d9fbcb60e3647715172797a133df7480dc14b7921aff44eed.apk,00009d04abccef4d9fbcb60e3647715172797a133df7480dc14b7921aff44eed,0,androzoo,2207195.0,1.0,0.0,0.0,0.0,0.0,0.0,0.0,0.0,0.0,0.0,0.0,0.0,0.0,0.0,0.0,0.0,0.0,0.0,0.0,0.0,0.0,0.0,0.0,0.0,0.0,0.0,0.0,0.0,9.0,0.0,0.0,0.0,0.0,0.0,0.0,0.0,0.0,0.0,0.0,0.0,0.0,0.0,0.0,1.0,0.0,62.0
00009d535d4b429f0dd0b505a3a3645f0d28ef023af91d44a502e4bd10580ce0.apk,00009d535d4b429f0dd0b505a3a3645f0d28ef023af91d44a502e4bd10580ce0,0,androzoo,3791832.0,1.0,5.0,2.0,0.0,0.0,0.0,0.0,0.0,0.0,0.0,0.0,0.0,0.0,1.0,0.0,0.0,1.0,0.0,0.0,0.0,0.0,0.0,0.0,0.0,0.0,0.0,0.0,0.0,2.0,0.0,0.0,0.0,0.0,0.0,0.0,0.0,0.0,0.0,0.0,0.0,0.0,0.0,0.0,1.0,0.0,146.0
00009e4bde4e49b5f6f83ef2f0093288842acb813da515f226a0b08bac375d50.apk,00009e4bde4e49b5f6f83ef2f0093288842acb813da515f226a0b08bac375d50,0,androzoo,4722785.0,1.0,11.0,3.0,0.0,0.0,0.0,0.0,0.0,1.0,0.0,0.0,0.0,0.0,1.0,0.0,0.0,0.0,0.0,0.0,0.0,0.0,1.0,0.0,0.0,0.0,0.0,0.0,0.0,4.0,2.0,1.0,0.0,0.0,0.0,0.0,0.0,0.0,0.0,0.0,0.0,0.0,0.0,0.0,1.0,0.0,61.0
00009eed6efc17d9d36f49a5437c5b58eda08cfbcf252ba9c7a5bb933671dd43.apk,00009eed6efc17d9d36f49a5437c5b58eda08cfbcf252ba9c7a5bb933671dd43,0,androzoo,1061379.0,1.0,2.0,0.0,0.0,0.0,0.0,0.0,0.0,0.0,0.0,0.0,0.0,0.0,0.0,0.0,0.0,0.0,0.0,0.0,0.0,0.0,0.0,0.0,0.0,0.0,0.0,0.0,0.0,2.0,0.0,0.0,0.0,0.0,0.0,0.0,0.0,0.0,0.0,0.0,0.0,0.0,0.0,0.0,1.0,0.0,137.0
00009f268985e3c2d1a53ab20707379c1e27b31556ee079c0dd349efe002b8b9.apk,00009f268985e3c2d1a53ab20707379c1e27b31556ee079c0dd349efe002b8b9,0,androzoo,2148283.0,1.0,2.0,0.0,0.0,0.0,0.0,0.0,0.0,0.0,0.0,0.0,0.0,0.0,0.0,0.0,0.0,0.0,0.0,0.0,0.0,0.0,0.0,0.0,0.0,0.0,0.0,0.0,0.0,4.0,0.0,0.0,0.0,0.0,0.0,0.0,0.0,0.0,0.0,0.0,0.0,0.0,0.0,0.0,1.0,0.0,68.0
0000a7b09e2b695d069bc7ba4b9bd797f24eb532e0ad88666307913dde8edc2b.apk,0000a7b09e2b695d069bc7ba4b9bd797f24eb532e0ad88666307913dde8edc2b,0,androzoo,962870.0,1.0,2.0,1.0,0.0,0.0,0.0,0.0,0.0,0.0,0.0,0.0,0.0,0.0,1.0,0.0,0.0,0.0,0.0,0.0,0.0,0.0,0.0,0.0,0.0,0.0,0.0,0.0,0.0,1.0,0.0,0.0,2.0,0.0,0.0,0.0,0.0,0.0,0.0,0.0,0.0,0.0,0.0,0.0,1.0,0.0,143.0
0000ab538d270d9c59f9120e522c0500a51670185730d6d3ec7610276ede7393.apk,0000ab538d270d9c59f9120e522c0500a51670185730d6d3ec7610276ede7393,0,androzoo,4755717.0,1.0,6.0,2.0,0.0,0.0,0.0,0.0,0.0,0.0,0.0,0.0,0.0,0.0,0.0,0.0,0.0,0.0,0.0,0.0,0.0,0.0,0.0,1.0,0.0,1.0,0.0,0.0,0.0,7.0,1.0,2.0,1.0,0.0,0.0,0.0,0.0,0.0,0.0,0.0,0.0,0.0,0.0,0.0,1.0,0.0,143.0
0000aba1b3ea0e53349b8fcdfce2c75c32ef1bf8e24f698881f3ad8bae603fe3.apk,0000aba1b3ea0e53349b8fcdfce2c75c32ef1bf8e24f698881f3ad8bae603fe3,0,androzoo,1153383.0,1.0,2.0,2.0,0.0,0.0,0.0,0.0,0.0,0.0,0.0,0.0,0.0,1.0,1.0,0.0,0.0,0.0,0.0,0.0,0.0,0.0,0.0,0.0,0.0,0.0,0.0,0.0,0.0,1.0,0.0,0.0,0.0,0.0,0.0,0.0,0.0,0.0,0.0,0.0,0.0,0.0,0.0,0.0,1.0,0.0,27.0
0000ad1ae055db28cd36055d9f8a411052b24d70ad9d09a9bdeba53ec2803852.apk,0000ad1ae055db28cd36055d9f8a411052b24d70ad9d09a9bdeba53ec2803852,0,androzoo,4180838.0,1.0,15.0,7.0,0.0,0.0,0.0,0.0,0.0,0.0,0.0,0.0,0.0,1.0,1.0,0.0,1.0,1.0,1.0,0.0,0.0,0.0,1.0,1.0,0.0,0.0,0.0,0.0,0.0,4.0,7.0,5.0,7.0,0.0,0.0,0.0,0.0,0.0,0.0,0.0,0.0,0.0,0.0,0.0,1.0,0.0,145.0
0000b55b811357da67b95ed6f34ff81ac56519a3a753f6212aeb0e17b41e2905.apk,0000b55b811357da67b95ed6f34ff81ac56519a3a753f6212aeb0e17b41e2905,0,androzoo,3099766.0,1.0,7.0,1.0,0.0,0.0,0.0,0.0,0.0,0.0,0.0,0.0,0.0,1.0,0.0,0.0,0.0,0.0,0.0,0.0,0.0,0.0,0.0,0.0,0.0,0.0,0.0,0.0,0.0,15.0,3.0,3.0,0.0,0.0,0.0,0.0,0.0,0.0,0.0,0.0,0.0,0.0,0.0,0.0,1.0,0.0,26.0
0000ba2334579c54f2063b49b530189244e9dd3de6d10a96042250dc639c2af3.apk,0000ba2334579c54f2063b49b530189244e9dd3de6d10a96042250dc639c2af3,0,androzoo,2533593.0,1.0,2.0,1.0,0.0,0.0,0.0,0.0,0.0,0.0,0.0,0.0,0.0,0.0,0.0,0.0,0.0,0.0,0.0,0.0,0.0,0.0,0.0,1.0,0.0,0.0,0.0,0.0,0.0,3.0,0.0,0.0,0.0,0.0,0.0,0.0,0.0,0.0,0.0,0.0,0.0,0.0,0.0,0.0,1.0,0.0,143.0
0000bbe2b06bd5b8a235cbe831da507991657d2c3191d142acff6bbded794833.apk,0000bbe2b06bd5b8a235cbe831da507991657d2c3191d142acff6bbded794833,0,androzoo,219724.0,1.0,6.0,0.0,0.0,0.0,0.0,0.0,0.0,0.0,0.0,0.0,0.0,0.0,0.0,0.0,0.0,0.0,0.0,0.0,0.0,0.0,0.0,0.0,0.0,0.0,0.0,0.0,0.0,3.0,1.0,1.0,0.0,0.0,0.0,0.0,0.0,0.0,0.0,0.0,0.0,0.0,0.0,0.0,1.0,0.0,136.0
0000bffe7801730fea7670cb18783dcd6ddd36182290f27d8d4da895a5ccca37.apk,0000bffe7801730fea7670cb18783dcd6ddd36182290f27d8d4da895a5ccca37,0,androzoo,3439958.0,1.0,7.0,2.0,0.0,0.0,0.0,0.0,0.0,0.0,0.0,0.0,0.0,1.0,1.0,0.0,0.0,0.0,0.0,0.0,0.0,0.0,0.0,0.0,0.0,0.0,0.0,0.0,0.0,3.0,5.0,3.0,1.0,0.0,0.0,0.0,0.0,0.0,0.0,0.0,0.0,0.0,0.0,0.0,1.0,0.0,27.0
0000c025921f701674906b185aacc3da2fa82ef7f5f797028a0a6b1a3ba6d1c8.apk,0000c025921f701674906b185aacc3da2fa82ef7f5f797028a0a6b1a3ba6d1c8,0,androzoo,446616.0,1.0,4.0,2.0,0.0,0.0,0.0,0.0,0.0,0.0,0.0,0.0,0.0,0.0,0.0,0.0,0.0,0.0,0.0,0.0,0.0,0.0,1.0,0.0,0.0,0.0,1.0,0.0,0.0,4.0,2.0,4.0,0.0,0.0,0.0,0.0,0.0,0.0,0.0,0.0,0.0,0.0,0.0,0.0,1.0,0.0,66.0
0000c226f289400ed8e761c1c7a29e1801087543b791c3731e7d621a1deab917.apk,0000c226f289400ed8e761c1c7a29e1801087543b791c3731e7d621a1deab917,0,androzoo,3609778.0,1.0,18.0,6.0,0.0,0.0,0.0,1.0,0.0,1.0,0.0,0.0,0.0,0.0,1.0,0.0,1.0,0.0,0.0,0.0,0.0,0.0,0.0,0.0,0.0,1.0,0.0,0.0,1.0,35.0,0.0,0.0,0.0,0.0,0.0,0.0,0.0,0.0,0.0,0.0,0.0,0.0,0.0,0.0,1.0,0.0,128.0
0000d20360defe2dc1e7e82cbf5a793f7637954c2380bdc73063ec9c0a01445d.apk,0000d20360defe2dc1e7e82cbf5a793f7637954c2380bdc73063ec9c0a01445d,0,androzoo,1158883.0,1.0,2.0,0.0,0.0,0.0,0.0,0.0,0.0,0.0,0.0,0.0,0.0,0.0,0.0,0.0,0.0,0.0,0.0,0.0,0.0,0.0,0.0,0.0,0.0,0.0,0.0,0.0,0.0,7.0,0.0,0.0,0.0,0.0,0.0,0.0,0.0,0.0,0.0,0.0,0.0,0.0,0.0,0.0,1.0,0.0,129.0
0000d3b60b52c54051f4b5e5422bc65513b2a3b10c41296bd6b80f316f791477.apk,0000d3b60b52c54051f4b5e5422bc65513b2a3b10c41296bd6b80f316f791477,0,androzoo,3909043.0,1.0,7.0,2.0,0.0,0.0,0.0,0.0,0.0,0.0,0.0,0.0,0.0,1.0,1.0,0.0,0.0,0.0,0.0,0.0,0.0,0.0,0.0,0.0,0.0,0.0,0.0,0.0,0.0,4.0,6.0,3.0,1.0,0.0,0.0,0.0,0.0,0.0,0.0,0.0,0.0,0.0,0.0,0.0,1.0,0.0,143.0
0000d3f7ee33c44094c8006501899876c7dc315b34a3f972788f99464059838f.apk,0000d3f7ee33c44094c8006501899876c7dc315b34a3f972788f99464059838f,0,androzoo,2407974.0,1.0,7.0,3.0,0.0,0.0,0.0,0.0,0.0,1.0,0.0,0.0,0.0,0.0,1.0,0.0,0.0,0.0,0.0,0.0,0.0,0.0,0.0,0.0,0.0,1.0,0.0,0.0,0.0,3.0,0.0,0.0,1.0,0.0,0.0,0.0,0.0,0.0,0.0,0.0,0.0,0.0,0.0,0.0,1.0,0.0,143.0
0000d51ef7e4f82827dbad75e1b95e2474913d3724afca6df94426ab4319b19b.apk,0000d51ef7e4f82827dbad75e1b95e2474913d3724afca6df94426ab4319b19b,0,androzoo,42506.0,1.0,0.0,0.0,0.0,0.0,0.0,0.0,0.0,0.0,0.0,0.0,0.0,0.0,0.0,0.0,0.0,0.0,0.0,0.0,0.0,0.0,0.0,0.0,0.0,0.0,0.0,0.0,0.0,1.0,0.0,1.0,0.0,0.0,0.0,0.0,0.0,0.0,0.0,0.0,0.0,0.0,0.0,0.0,1.0,0.0,17.0
0000d64aac5e0b53da6dd9279ce5fc0de41c908b3f50b7206eef0c07f1e7d28d.apk,0000d64aac5e0b53da6dd9279ce5fc0de41c908b3f50b7206eef0c07f1e7d28d,0,androzoo,3654201.0,1.0,1.0,0.0,0.0,0.0,0.0,0.0,0.0,0.0,0.0,0.0,0.0,0.0,0.0,0.0,0.0,0.0,0.0,0.0,0.0,0.0,0.0,0.0,0.0,0.0,0.0,0.0,0.0,1.0,0.0,0.0,0.0,0.0,0.0,0.0,0.0,0.0,0.0,0.0,0.0,0.0,0.0,0.0,1.0,0.0,133.0
0000d7c91e99b26830922550b9cc0533e8ec91bb44dd4570231fe6ede38afbca.apk,0000d7c91e99b26830922550b9cc0533e8ec91bb44dd4570231fe6ede38afbca,0,androzoo,658224.0,1.0,3.0,1.0,0.0,0.0,0.0,0.0,0.0,0.0,0.0,0.0,0.0,0.0,1.0,0.0,0.0,0.0,0.0,0.0,0.0,0.0,0.0,0.0,0.0,0.0,0.0,0.0,0.0,4.0,0.0,0.0,0.0,0.0,0.0,0.0,0.0,0.0,0.0,0.0,0.0,0.0,0.0,0.0,1.0,0.0,127.0
0000dc98a0419b7d79353523e2c286e45e5d1bfdc8722e6d58c24a8fc320cdd3.apk,0000dc98a0419b7d79353523e2c286e45e5d1bfdc8722e6d58c24a8fc320cdd3,0,androzoo,4502238.0,1.0,34.0,7.0,0.0,0.0,0.0,0.0,0.0,0.0,0.0,0.0,0.0,1.0,1.0,0.0,1.0,1.0,1.0,0.0,0.0,0.0,1.0,1.0,0.0,0.0,0.0,0.0,0.0,4.0,12.0,15.0,5.0,0.0,0.0,0.0,0.0,0.0,0.0,0.0,0.0,0.0,0.0,0.0,1.0,0.0,143.0
0000df0240818f95506bb076347e890d7bf12aa1b0a344d94d69a9b02de187cf.apk,0000df0240818f95506bb076347e890d7bf12aa1b0a344d94d69a9b02de187cf,0,androzoo,3921646.0,1.0,6.0,1.0,0.0,0.0,0.0,0.0,0.0,0.0,0.0,0.0,0.0,0.0,1.0,0.0,0.0,0.0,0.0,0.0,0.0,0.0,0.0,0.0,0.0,0.0,0.0,0.0,0.0,5.0,3.0,1.0,0.0,0.0,0.0,0.0,0.0,0.0,0.0,0.0,0.0,0.0,0.0,0.0,1.0,0.0,129.0
0000e1433b8a47540972a43d5f8a5eef61eedb19c41baeab2190baf49130fcb7.apk,0000e1433b8a47540972a43d5f8a5eef61eedb19c41baeab2190baf49130fcb7,0,androzoo,2287243.0,1.0,7.0,3.0,0.0,0.0,0.0,0.0,0.0,0.0,0.0,0.0,0.0,1.0,0.0,0.0,0.0,0.0,0.0,0.0,0.0,0.0,1.0,1.0,0.0,0.0,0.0,0.0,0.0,9.0,2.0,1.0,0.0,0.0,0.0,0.0,0.0,0.0,0.0,0.0,0.0,0.0,0.0,0.0,1.0,0.0,143.0
0000e2464fe6cb2a7361e32c03a3a1470bd0d671efe449bbd93d785537d54e4a.apk,0000e2464fe6cb2a7361e32c03a3a1470bd0d671efe449bbd93d785537d54e4a,0,androzoo,4579218.0,1.0,7.0,2.0,0.0,0.0,0.0,0.0,0.0,1.0,0.0,0.0,0.0,0.0,0.0,0.0,0.0,0.0,0.0,0.0,0.0,0.0,0.0,1.0,0.0,0.0,0.0,0.0,0.0,6.0,5.0,8.0,2.0,0.0,0.0,0.0,0.0,0.0,0.0,0.0,0.0,0.0,0.0,0.0,1.0,0.0,19.0
0000e4d0ec9963856818c5a54f6cf9aa6da783cb2a0d1b8620e65cf60cc2b03f.apk,0000e4d0ec9963856818c5a54f6cf9aa6da783cb2a0d1b8620e65cf60cc2b03f,0,androzoo,1782924.0,1.0,0.0,0.0,0.0,0.0,0.0,0.0,0.0,0.0,0.0,0.0,0.0,0.0,0.0,0.0,0.0,0.0,0.0,0.0,0.0,0.0,0.0,0.0,0.0,0.0,0.0,0.0,0.0,1.0,0.0,0.0,0.0,0.0,0.0,0.0,0.0,0.0,0.0,0.0,0.0,0.0,0.0,0.0,1.0,0.0,159.0
0000e71fb9719aa8bb23040ada2ad3031305811aed8fb698477598702d81f15d.apk,0000e71fb9719aa8bb23040ada2ad3031305811aed8fb698477598702d81f15d,0,androzoo,3467294.0,1.0,1.0,0.0,0.0,0.0,0.0,0.0,0.0,0.0,0.0,0.0,0.0,0.0,0.0,0.0,0.0,0.0,0.0,0.0,0.0,0.0,0.0,0.0,0.0,0.0,0.0,0.0,0.0,2.0,0.0,0.0,0.0,0.0,0.0,0.0,0.0,0.0,0.0,0.0,0.0,0.0,0.0,0.0,1.0,0.0,143.0
0000e8e31d5fcdfa7d540077f9e6edf7a3f17af96e9dc70e4b6249b1fb255e57.apk,0000e8e31d5fcdfa7d540077f9e6edf7a3f17af96e9dc70e4b6249b1fb255e57,0,androzoo,4446547.0,1.0,0.0,0.0,0.0,0.0,0.0,0.0,0.0,0.0,0.0,0.0,0.0,0.0,0.0,0.0,0.0,0.0,0.0,0.0,0.0,0.0,0.0,0.0,0.0,0.0,0.0,0.0,0.0,1.0,0.0,0.0,0.0,0.0,0.0,0.0,0.0,0.0,0.0,0.0,0.0,0.0,0.0,0.0,1.0,0.0,24.0
0000e9808b9756c71bf1b668cd148d1c2adea8fc81aaef54bb7ee10613989087.apk,0000e9808b9756c71bf1b668cd148d1c2adea8fc81aaef54bb7ee10613989087,0,androzoo,4527224.0,2.0,9.0,1.0,0.0,0.0,0.0,0.0,0.0,0.0,0.0,0.0,0.0,0.0,0.0,0.0,0.0,0.0,0.0,0.0,0.0,0.0,0.0,1.0,0.0,0.0,0.0,0.0,0.0,20.0,5.0,4.0,2.0,0.0,0.0,0.0,0.0,0.0,0.0,0.0,0.0,0.0,0.0,0.0,1.0,0.0,143.0
0000e9ea6c0607aed06fedf63a0529cc8e19314e910468b894df10ca49035001.apk,0000e9ea6c0607aed06fedf63a0529cc8e19314e910468b894df10ca49035001,0,androzoo,1067409.0,1.0,3.0,1.0,0.0,0.0,0.0,1.0,0.0,0.0,0.0,0.0,0.0,0.0,0.0,0.0,0.0,0.0,0.0,0.0,0.0,0.0,0.0,0.0,0.0,0.0,0.0,0.0,0.0,10.0,0.0,0.0,0.0,0.0,0.0,0.0,0.0,0.0,0.0,0.0,0.0,0.0,0.0,0.0,1.0,0.0,23.0
0000ee327265f740a73481ffd4cfead52ada6fc95f14aea5a2d929d3a5e7228c.apk,0000ee327265f740a73481ffd4cfead52ada6fc95f14aea5a2d929d3a5e7228c,0,androzoo,3240754.0,1.0,13.0,4.0,0.0,0.0,0.0,0.0,0.0,1.0,0.0,0.0,0.0,1.0,1.0,0.0,0.0,0.0,0.0,0.0,0.0,0.0,1.0,0.0,0.0,0.0,0.0,0.0,0.0,10.0,5.0,5.0,5.0,0.0,0.0,0.0,0.0,0.0,0.0,0.0,0.0,0.0,0.0,0.0,1.0,0.0,143.0
0000efc5a9993211b022e4bd649de19848f4628144acab35bfbbe901151e608a.apk,0000efc5a9993211b022e4bd649de19848f4628144acab35bfbbe901151e608a,0,androzoo,4651746.0,1.0,8.0,2.0,0.0,0.0,0.0,0.0,0.0,0.0,0.0,0.0,0.0,0.0,0.0,0.0,0.0,0.0,0.0,0.0,0.0,0.0,1.0,1.0,0.0,0.0,0.0,0.0,0.0,5.0,6.0,8.0,3.0,0.0,0.0,0.0,0.0,0.0,0.0,0.0,0.0,0.0,0.0,0.0,1.0,0.0,143.0
0000f3377177c0713d846d970c7156747754d79044c4d32ac832b02693391b26.apk,0000f3377177c0713d846d970c7156747754d79044c4d32ac832b02693391b26,0,androzoo,2440986.0,1.0,4.0,1.0,0.0,0.0,0.0,0.0,0.0,0.0,0.0,0.0,0.0,0.0,1.0,0.0,0.0,0.0,0.0,0.0,0.0,0.0,0.0,0.0,0.0,0.0,0.0,0.0,0.0,6.0,0.0,0.0,0.0,0.0,0.0,0.0,0.0,0.0,0.0,0.0,0.0,0.0,0.0,0.0,1.0,0.0,22.0
0000f398d2f16cedde5fc791792f93b8565df2917c6dbae05b4b4d33e47ae68b.apk,0000f398d2f16cedde5fc791792f93b8565df2917c6dbae05b4b4d33e47ae68b,0,androzoo,1605868.0,1.0,4.0,1.0,0.0,0.0,0.0,0.0,0.0,0.0,0.0,0.0,0.0,0.0,1.0,0.0,0.0,0.0,0.0,0.0,0.0,0.0,0.0,0.0,0.0,0.0,0.0,0.0,0.0,11.0,0.0,0.0,2.0,0.0,0.0,0.0,0.0,0.0,0.0,0.0,0.0,0.0,0.0,0.0,1.0,0.0,152.0
0000f7b1670210d84a55da6126679a0c44d4cbcbb5a26b6d2169a520fb821703.apk,0000f7b1670210d84a55da6126679a0c44d4cbcbb5a26b6d2169a520fb821703,0,androzoo,4951810.0,1.0,3.0,1.0,0.0,0.0,0.0,0.0,0.0,0.0,0.0,0.0,0.0,0.0,1.0,0.0,0.0,0.0,0.0,0.0,0.0,0.0,0.0,0.0,0.0,0.0,0.0,0.0,0.0,1.0,0.0,0.0,0.0,0.0,1.0,0.0,0.0,0.0,0.0,0.0,0.0,0.0,0.0,0.0,1.0,0.0,153.0
0000fee6d5f5baa7978499f59a4737c8e9a01fe13ae22a3a1d7b3f08a352fc8b.apk,0000fee6d5f5baa7978499f59a4737c8e9a01fe13ae22a3a1d7b3f08a352fc8b,0,androzoo,4955221.0,1.0,5.0,3.0,0.0,0.0,0.0,0.0,0.0,0.0,0.0,0.0,0.0,1.0,1.0,0.0,0.0,0.0,0.0,0.0,0.0,0.0,1.0,0.0,0.0,0.0,0.0,0.0,0.0,10.0,2.0,1.0,0.0,0.0,0.0,0.0,0.0,0.0,0.0,0.0,0.0,0.0,0.0,0.0,1.0,0.0,143.0
0001004d4800d916b44a27bd7c73f53db49976dfed41b696c5103dca967c90c0.apk,0001004d4800d916b44a27bd7c73f53db49976dfed41b696c5103dca967c90c0,0,androzoo,2740303.0,1.0,2.0,0.0,0.0,0.0,0.0,0.0,0.0,0.0,0.0,0.0,0.0,0.0,0.0,0.0,0.0,0.0,0.0,0.0,0.0,0.0,0.0,0.0,0.0,0.0,0.0,0.0,0.0,3.0,0.0,0.0,0.0,0.0,0.0,0.0,0.0,0.0,0.0,0.0,0.0,0.0,0.0,0.0,1.0,0.0,120.0
0001048c77b5fd01fd2c0c36155bb73c73533f4d3f06521af7332bcd9be4e319.apk,0001048c77b5fd01fd2c0c36155bb73c73533f4d3f06521af7332bcd9be4e319,0,androzoo,582827.0,1.0,2.0,0.0,0.0,0.0,0.0,0.0,0.0,0.0,0.0,0.0,0.0,0.0,0.0,0.0,0.0,0.0,0.0,0.0,0.0,0.0,0.0,0.0,0.0,0.0,0.0,0.0,0.0,1.0,0.0,1.0,1.0,0.0,0.0,0.0,0.0,0.0,0.0,0.0,0.0,0.0,0.0,0.0,1.0,0.0,123.0
00010cc3c1c21c2583fd9e27947e20e7b80093ce3045970640bd76b8a0e1ac01.apk,00010cc3c1c21c2583fd9e27947e20e7b80093ce3045970640bd76b8a0e1ac01,0,androzoo,2611577.0,1.0,3.0,0.0,0.0,0.0,0.0,0.0,0.0,0.0,0.0,0.0,0.0,0.0,0.0,0.0,0.0,0.0,0.0,0.0,0.0,0.0,0.0,0.0,0.0,0.0,0.0,0.0,0.0,1.0,0.0,0.0,0.0,0.0,0.0,0.0,0.0,0.0,0.0,0.0,0.0,0.0,0.0,0.0,1.0,0.0,143.0
0001127754ff04c2a3da2bfa1c40ae15353549dd8a1ca98daf52d8cfdcf13f97.apk,0001127754ff04c2a3da2bfa1c40ae15353549dd8a1ca98daf52d8cfdcf13f97,0,androzoo,2190553.0,1.0,6.0,2.0,0.0,0.0,0.0,0.0,0.0,0.0,0.0,0.0,0.0,0.0,0.0,0.0,1.0,0.0,0.0,0.0,0.0,0.0,0.0,0.0,0.0,0.0,0.0,1.0,0.0,7.0,2.0,2.0,0.0,0.0,0.0,0.0,0.0,0.0,0.0,0.0,0.0,0.0,0.0,0.0,1.0,0.0,159.0
000114bf92ceca5e6745ca3defc8a37006c0bcc1206af689c7d382cb862dbbf3.apk,000114bf92ceca5e6745ca3defc8a37006c0bcc1206af689c7d382cb862dbbf3,0,androzoo,3853537.0,1.0,4.0,1.0,0.0,0.0,0.0,0.0,0.0,0.0,0.0,0.0,0.0,0.0,0.0,0.0,0.0,0.0,0.0,0.0,0.0,0.0,1.0,0.0,0.0,0.0,0.0,0.0,0.0,5.0,0.0,2.0,0.0,0.0,0.0,0.0,0.0,0.0,0.0,0.0,0.0,0.0,0.0,0.0,1.0,0.0,21.0
0001166ae445064d64cb9fe83f8943607f0f188ab6928c96cfb86bedf957421f.apk,0001166ae445064d64cb9fe83f8943607f0f188ab6928c96cfb86bedf957421f,0,androzoo,4822290.0,1.0,8.0,2.0,0.0,0.0,0.0,0.0,0.0,0.0,0.0,0.0,0.0,1.0,1.0,0.0,0.0,0.0,0.0,0.0,0.0,0.0,0.0,0.0,0.0,0.0,0.0,0.0,0.0,12.0,5.0,1.0,3.0,0.0,0.0,0.0,0.0,0.0,0.0,0.0,0.0,0.0,0.0,0.0,1.0,0.0,143.0
000117d08d5ecb0d222d4acebce4f4992925b46d560f27ed5401a5cbf72b36e7.apk,000117d08d5ecb0d222d4acebce4f4992925b46d560f27ed5401a5cbf72b36e7,0,androzoo,3915798.0,1.0,5.0,0.0,0.0,0.0,0.0,0.0,0.0,0.0,0.0,0.0,0.0,0.0,0.0,0.0,0.0,0.0,0.0,0.0,0.0,0.0,0.0,0.0,0.0,0.0,0.0,0.0,0.0,3.0,3.0,3.0,2.0,0.0,0.0,0.0,0.0,0.0,0.0,0.0,0.0,0.0,0.0,0.0,1.0,0.0,38.0
00011c10507671bc0e38a7161e6426717fed562e86df54f35fcdfd6c5414b2b6.apk,00011c10507671bc0e38a7161e6426717fed562e86df54f35fcdfd6c5414b2b6,0,androzoo,3130807.0,1.0,4.0,0.0,0.0,0.0,0.0,0.0,0.0,0.0,0.0,0.0,0.0,0.0,0.0,0.0,0.0,0.0,0.0,0.0,0.0,0.0,0.0,0.0,0.0,0.0,0.0,0.0,0.0,5.0,1.0,0.0,0.0,0.0,0.0,0.0,0.0,0.0,0.0,0.0,0.0,0.0,0.0,0.0,1.0,0.0,28.0
00012cd91dee2f7a419070f7cd18fbcbec66b674d5f26c1c941a1fbcc29d4aca.apk,00012cd91dee2f7a419070f7cd18fbcbec66b674d5f26c1c941a1fbcc29d4aca,0,androzoo,96082.0,1.0,2.0,0.0,0.0,0.0,0.0,0.0,0.0,0.0,0.0,0.0,0.0,0.0,0.0,0.0,0.0,0.0,0.0,0.0,0.0,0.0,0.0,0.0,0.0,0.0,0.0,0.0,0.0,3.0,0.0,0.0,0.0,0.0,0.0,0.0,0.0,0.0,0.0,0.0,0.0,0.0,0.0,0.0,1.0,0.0,27.0
00013c5bbfeb5f32ab775c7fd92308989c9345a2390bb6b042dcf9827ade102e.apk,00013c5bbfeb5f32ab775c7fd92308989c9345a2390bb6b042dcf9827ade102e,0,androzoo,2206628.0,1.0,5.0,2.0,0.0,0.0,0.0,0.0,0.0,0.0,0.0,0.0,0.0,0.0,1.0,0.0,1.0,0.0,0.0,0.0,0.0,0.0,0.0,0.0,0.0,0.0,0.0,0.0,0.0,8.0,3.0,1.0,0.0,0.0,0.0,0.0,0.0,0.0,0.0,0.0,0.0,0.0,0.0,0.0,1.0,0.0,143.0
000141350f5b8945b702629473f3b06c25552760d08d54255fc1b9075397f7cf.apk,000141350f5b8945b702629473f3b06c25552760d08d54255fc1b9075397f7cf,0,androzoo,3615071.0,1.0,38.0,7.0,0.0,0.0,0.0,0.0,0.0,1.0,0.0,0.0,0.0,1.0,1.0,0.0,0.0,1.0,0.0,0.0,0.0,0.0,1.0,1.0,0.0,1.0,0.0,0.0,0.0,5.0,10.0,11.0,5.0,0.0,0.0,0.0,0.0,0.0,0.0,0.0,0.0,0.0,0.0,0.0,1.0,0.0,133.0
000148472399534a17838424a46526797e10749b6196ee3993fe087748e3e00b.apk,000148472399534a17838424a46526797e10749b6196ee3993fe087748e3e00b,0,androzoo,37375.0,1.0,1.0,0.0,0.0,0.0,0.0,0.0,0.0,0.0,0.0,0.0,0.0,0.0,0.0,0.0,0.0,0.0,0.0,0.0,0.0,0.0,0.0,0.0,0.0,0.0,0.0,0.0,0.0,1.0,0.0,0.0,0.0,0.0,0.0,0.0,0.0,0.0,0.0,0.0,0.0,0.0,0.0,0.0,1.0,0.0,35.0
00014b2550173b1e6bef060f5468363bfb0290c35f6fc9a24bc5864d15d20e8e.apk,00014b2550173b1e6bef060f5468363bfb0290c35f6fc9a24bc5864d15d20e8e,0,androzoo,2816998.0,1.0,7.0,3.0,0.0,0.0,0.0,0.0,0.0,1.0,0.0,1.0,0.0,0.0,0.0,0.0,0.0,0.0,0.0,0.0,0.0,0.0,0.0,0.0,0.0,1.0,0.0,0.0,0.0,6.0,3.0,1.0,0.0,0.0,0.0,0.0,0.0,0.0,0.0,0.0,0.0,0.0,0.0,0.0,1.0,0.0,27.0
00014b3656e1a8ad700821333506d76916da4f605fbcc1ba58426b8305af3a98.apk,00014b3656e1a8ad700821333506d76916da4f605fbcc1ba58426b8305af3a98,0,androzoo,3712213.0,1.0,8.0,1.0,0.0,0.0,0.0,0.0,0.0,0.0,0.0,0.0,0.0,0.0,0.0,0.0,0.0,0.0,0.0,0.0,1.0,0.0,0.0,0.0,0.0,0.0,0.0,0.0,0.0,7.0,5.0,2.0,2.0,0.0,0.0,0.0,0.0,0.0,0.0,0.0,0.0,0.0,0.0,0.0,1.0,0.0,148.0
00014c61823f4f2dc65a0c427816ae3e8fe02da5bfef53f283bcfdf2052fd200.apk,00014c61823f4f2dc65a0c427816ae3e8fe02da5bfef53f283bcfdf2052fd200,0,androzoo,4835016.0,1.0,20.0,7.0,0.0,0.0,0.0,0.0,0.0,0.0,0.0,0.0,1.0,1.0,1.0,0.0,1.0,0.0,0.0,0.0,0.0,0.0,1.0,0.0,0.0,1.0,0.0,1.0,0.0,29.0,4.0,2.0,0.0,0.0,0.0,0.0,0.0,0.0,0.0,0.0,0.0,0.0,0.0,0.0,1.0,0.0,119.0
00014da66d31bf519d21f69a1430c3bd5ca2956a137bba76d8665f4e4e1658a2.apk,00014da66d31bf519d21f69a1430c3bd5ca2956a137bba76d8665f4e4e1658a2,0,androzoo,4535909.0,1.0,6.0,2.0,0.0,0.0,0.0,0.0,0.0,0.0,0.0,0.0,0.0,0.0,1.0,0.0,0.0,0.0,0.0,0.0,0.0,0.0,0.0,0.0,0.0,1.0,0.0,0.0,0.0,5.0,0.0,2.0,0.0,0.0,0.0,0.0,0.0,0.0,0.0,0.0,0.0,0.0,0.0,0.0,1.0,0.0,33.0
00015250e9eba5f5bb7f8683a453dd3234385440f11ba7428d87ff679d7bc450.apk,00015250e9eba5f5bb7f8683a453dd3234385440f11ba7428d87ff679d7bc450,0,androzoo,4899096.0,1.0,13.0,5.0,0.0,0.0,0.0,0.0,0.0,1.0,0.0,0.0,0.0,1.0,1.0,0.0,1.0,0.0,1.0,0.0,0.0,0.0,0.0,0.0,0.0,0.0,0.0,0.0,0.0,14.0,6.0,4.0,5.0,0.0,0.0,0.0,0.0,0.0,0.0,0.0,0.0,0.0,0.0,0.0,1.0,0.0,143.0
000156406c2ff5fdb2b8455c759f3ead345a62bf847af1732759673c5ab14ec9.apk,000156406c2ff5fdb2b8455c759f3ead345a62bf847af1732759673c5ab14ec9,0,androzoo,2507120.0,1.0,5.0,0.0,0.0,0.0,0.0,0.0,0.0,0.0,0.0,0.0,0.0,0.0,0.0,0.0,0.0,0.0,0.0,0.0,0.0,0.0,0.0,0.0,0.0,0.0,0.0,0.0,0.0,4.0,2.0,4.0,1.0,0.0,0.0,0.0,0.0,0.0,0.0,0.0,0.0,0.0,0.0,0.0,1.0,0.0,42.0
000156763fb9bc571be3ec98f4c4ab0a34657eddf7c009d6213f941e54553769.apk,000156763fb9bc571be3ec98f4c4ab0a34657eddf7c009d6213f941e54553769,0,androzoo,1290099.0,1.0,3.0,0.0,0.0,0.0,0.0,0.0,0.0,0.0,0.0,0.0,0.0,0.0,0.0,0.0,0.0,0.0,0.0,0.0,0.0,0.0,0.0,0.0,0.0,0.0,0.0,0.0,0.0,1.0,0.0,0.0,0.0,0.0,0.0,0.0,0.0,0.0,0.0,0.0,0.0,0.0,0.0,0.0,1.0,0.0,15.0
00015854a8b7142aa801712a7fd6f70181c9a4b402bd078685bfbc876569566a.apk,00015854a8b7142aa801712a7fd6f70181c9a4b402bd078685bfbc876569566a,0,androzoo,4119911.0,2.0,1.0,0.0,0.0,0.0,0.0,0.0,0.0,0.0,0.0,0.0,0.0,0.0,0.0,0.0,0.0,0.0,0.0,0.0,0.0,0.0,0.0,0.0,0.0,0.0,0.0,0.0,0.0,1.0,0.0,0.0,1.0,0.0,0.0,0.0,0.0,0.0,0.0,0.0,0.0,0.0,1.0,0.0,1.0,0.0,143.0
00015bbc4b822b1ead01ddf3b64d52df13a3a64271f58eb1151bf1aa7c3cd6f8.apk,00015bbc4b822b1ead01ddf3b64d52df13a3a64271f58eb1151bf1aa7c3cd6f8,0,androzoo,1879685.0,1.0,4.0,1.0,0.0,0.0,0.0,0.0,0.0,0.0,0.0,0.0,0.0,0.0,1.0,0.0,0.0,0.0,0.0,0.0,0.0,0.0,0.0,0.0,0.0,0.0,0.0,0.0,0.0,1.0,1.0,0.0,0.0,0.0,0.0,0.0,0.0,0.0,0.0,0.0,0.0,0.0,0.0,0.0,1.0,0.0,128.0
0001605a9ccea2039e2c037e937a1cbb5fffe7181aea3b2cf7aece709ea04cb6.apk,0001605a9ccea2039e2c037e937a1cbb5fffe7181aea3b2cf7aece709ea04cb6,0,androzoo,2435129.0,1.0,11.0,5.0,0.0,0.0,0.0,0.0,0.0,0.0,0.0,0.0,0.0,1.0,1.0,0.0,0.0,1.0,0.0,0.0,0.0,0.0,1.0,1.0,0.0,0.0,0.0,0.0,0.0,10.0,1.0,2.0,1.0,0.0,0.0,0.0,0.0,0.0,0.0,0.0,0.0,0.0,0.0,0.0,1.0,0.0,45.0
00016384587286cb19977de7fc7755a791ab4a0798cdcc4e24c89492ced698dc.apk,00016384587286cb19977de7fc7755a791ab4a0798cdcc4e24c89492ced698dc,0,androzoo,4578037.0,1.0,4.0,2.0,0.0,0.0,0.0,0.0,0.0,0.0,0.0,0.0,0.0,0.0,0.0,0.0,1.0,0.0,0.0,0.0,1.0,0.0,0.0,0.0,0.0,0.0,0.0,0.0,0.0,3.0,2.0,0.0,1.0,0.0,0.0,0.0,0.0,0.0,0.0,0.0,0.0,0.0,0.0,0.0,1.0,0.0,143.0
000a067df9235aea987cd1e6b7768bcc1053e640b267c5b1f0deefc18be5dbe1.apk,000a067df9235aea987cd1e6b7768bcc1053e640b267c5b1f0deefc18be5dbe1,1,androzoo,3366203.0,1.0,1.0,1.0,1.0,0.0,0.0,0.0,0.0,0.0,0.0,0.0,0.0,0.0,0.0,0.0,0.0,0.0,0.0,0.0,0.0,0.0,0.0,0.0,0.0,0.0,0.0,0.0,0.0,3.0,0.0,0.0,0.0,0.0,0.0,0.0,0.0,0.0,0.0,0.0,0.0,0.0,0.0,0.0,1.0,0.0,121.0
0019edf770341e93488939432c4dd9c7267dc3d4e5914f9c824d315b52f68e01.apk,0019edf770341e93488939432c4dd9c7267dc3d4e5914f9c824d315b52f68e01,1,androzoo,1089531.0,1.0,18.0,8.0,1.0,1.0,1.0,1.0,0.0,0.0,0.0,1.0,0.0,0.0,0.0,0.0,0.0,0.0,0.0,0.0,0.0,0.0,1.0,0.0,0.0,1.0,0.0,0.0,1.0,12.0,4.0,1.0,0.0,0.0,0.0,0.0,0.0,0.0,0.0,0.0,0.0,0.0,0.0,0.0,1.0,0.0,122.0
001b8e4e501464b2855a3fac76be94ac40569d1cdb09b6abeada7873d8f51e01.apk,001b8e4e501464b2855a3fac76be94ac40569d1cdb09b6abeada7873d8f51e01,1,androzoo,312483.0,1.0,8.0,3.0,0.0,0.0,1.0,0.0,0.0,0.0,0.0,1.0,0.0,0.0,0.0,0.0,0.0,0.0,0.0,0.0,0.0,0.0,0.0,0.0,0.0,1.0,0.0,0.0,0.0,2.0,1.0,1.0,0.0,0.0,0.0,0.0,0.0,0.0,0.0,0.0,0.0,0.0,0.0,0.0,1.0,0.0,122.0
0011bdd775b0c5a2a96ffb4e2b8497f65e27fa6abb55e5815849f49f46ab282e.apk,0011bdd775b0c5a2a96ffb4e2b8497f65e27fa6abb55e5815849f49f46ab282e,1,androzoo,509559.0,1.0,17.0,8.0,1.0,1.0,1.0,1.0,0.0,0.0,0.0,1.0,0.0,0.0,0.0,0.0,0.0,0.0,0.0,0.0,0.0,0.0,1.0,0.0,0.0,1.0,0.0,0.0,1.0,12.0,4.0,1.0,0.0,0.0,0.0,1.0,0.0,0.0,0.0,0.0,0.0,0.0,0.0,0.0,1.0,0.0,122.0
0002604f9aa167ee58757e61d3cbbd1052c71e57d5258ed1f315f540a2feb3b5.apk,0002604f9aa167ee58757e61d3cbbd1052c71e57d5258ed1f315f540a2feb3b5,1,androzoo,3298198.0,1.0,83.0,17.0,1.0,1.0,1.0,1.0,1.0,1.0,0.0,1.0,1.0,1.0,1.0,0.0,0.0,0.0,1.0,0.0,1.0,0.0,1.0,0.0,0.0,1.0,1.0,1.0,1.0,27.0,9.0,4.0,0.0,0.0,0.0,0.0,0.0,0.0,0.0,0.0,0.0,0.0,0.0,0.0,1.0,0.0,130.0
0000764713b286cfe7e8e76c7038c92312977712d9c5a86d504be54f3c1d025a.apk,0000764713b286cfe7e8e76c7038c92312977712d9c5a86d504be54f3c1d025a,1,androzoo,139335.0,1.0,11.0,5.0,1.0,0.0,0.0,0.0,0.0,1.0,0.0,0.0,0.0,0.0,1.0,0.0,0.0,0.0,0.0,0.0,0.0,0.0,1.0,0.0,0.0,1.0,0.0,0.0,0.0,3.0,1.0,2.0,0.0,0.0,0.0,0.0,0.0,0.0,0.0,0.0,0.0,0.0,0.0,0.0,1.0,0.0,126.0
0011f31f58531034da82d7801dd70e4425d2a38bd431ebbe5bbaf8d7d2ebeb55.apk,0011f31f58531034da82d7801dd70e4425d2a38bd431ebbe5bbaf8d7d2ebeb55,1,androzoo,2263823.0,1.0,42.0,14.0,1.0,1.0,1.0,0.0,0.0,1.0,0.0,0.0,1.0,1.0,1.0,0.0,1.0,0.0,0.0,0.0,1.0,0.0,1.0,0.0,0.0,1.0,1.0,1.0,1.0,10.0,13.0,6.0,0.0,0.0,0.0,0.0,0.0,0.0,0.0,0.0,0.0,0.0,0.0,0.0,1.0,0.0,110.0
0019d71abe7f7baddace1945f82532bcd12f172f8a63051f13e94ed473a48810.apk,0019d71abe7f7baddace1945f82532bcd12f172f8a63051f13e94ed473a48810,1,androzoo,3184068.0,1.0,23.0,7.0,0.0,0.0,0.0,0.0,0.0,0.0,0.0,0.0,0.0,1.0,1.0,0.0,1.0,0.0,0.0,0.0,1.0,0.0,1.0,0.0,0.0,1.0,0.0,1.0,0.0,8.0,10.0,7.0,0.0,0.0,0.0,0.0,0.0,0.0,0.0,0.0,0.0,0.0,0.0,0.0,1.0,0.0,171.0
001e72d2a030589195b67d8132799f93eda3e0c536f515c8da3b659cf1c701f0.apk,001e72d2a030589195b67d8132799f93eda3e0c536f515c8da3b659cf1c701f0,1,androzoo,521793.0,1.0,18.0,8.0,1.0,1.0,1.0,1.0,0.0,0.0,0.0,1.0,0.0,0.0,0.0,0.0,0.0,0.0,0.0,0.0,0.0,0.0,1.0,0.0,0.0,1.0,0.0,0.0,1.0,12.0,4.0,1.0,0.0,0.0,0.0,1.0,0.0,0.0,0.0,0.0,0.0,0.0,0.0,0.0,1.0,0.0,122.0
0016b3d270a9c97e2a5df8c7f063dabecb09bbf93be090f9de2be65e91e178be.apk,0016b3d270a9c97e2a5df8c7f063dabecb09bbf93be090f9de2be65e91e178be,1,androzoo,22268.0,1.0,3.0,2.0,1.0,0.0,0.0,0.0,0.0,0.0,0.0,0.0,0.0,0.0,0.0,0.0,0.0,0.0,0.0,0.0,0.0,0.0,0.0,0.0,0.0,1.0,0.0,0.0,0.0,0.0,1.0,1.0,0.0,0.0,0.0,0.0,0.0,0.0,0.0,0.0,0.0,0.0,0.0,0.0,1.0,0.0,175.0
000e7149ab7550ef605c2b22cb1beaffbee9219699661d89158d490a3ffa393a.apk,000e7149ab7550ef605c2b22cb1beaffbee9219699661d89158d490a3ffa393a,1,androzoo,477660.0,1.0,9.0,5.0,1.0,1.0,1.0,0.0,0.0,0.0,0.0,0.0,0.0,0.0,1.0,0.0,0.0,0.0,0.0,0.0,0.0,0.0,0.0,0.0,0.0,1.0,0.0,0.0,0.0,3.0,1.0,4.0,0.0,0.0,0.0,0.0,0.0,0.0,0.0,0.0,0.0,0.0,0.0,0.0,1.0,0.0,121.0
001c15cf4b0325807adaf67edc684cf50c06151061c3ea768b5427b8fcbfa26d.apk,001c15cf4b0325807adaf67edc684cf50c06151061c3ea768b5427b8fcbfa26d,1,androzoo,1312504.0,1.0,26.0,11.0,1.0,1.0,1.0,0.0,0.0,0.0,0.0,1.0,1.0,0.0,1.0,0.0,0.0,0.0,0.0,0.0,1.0,0.0,1.0,0.0,0.0,1.0,1.0,1.0,0.0,4.0,2.0,10.0,0.0,0.0,0.0,0.0,0.0,0.0,0.0,0.0,0.0,0.0,0.0,0.0,1.0,0.0,126.0
00050ee1efee0602426671153ad0487a46c235d5ffb397427c96c832a6db38a1.apk,00050ee1efee0602426671153ad0487a46c235d5ffb397427c96c832a6db38a1,1,androzoo,749272.0,1.0,13.0,8.0,1.0,1.0,1.0,0.0,0.0,0.0,0.0,1.0,0.0,0.0,1.0,0.0,0.0,0.0,0.0,0.0,0.0,0.0,1.0,0.0,0.0,1.0,1.0,0.0,0.0,1.0,1.0,5.0,0.0,0.0,0.0,0.0,0.0,0.0,0.0,0.0,0.0,0.0,0.0,0.0,1.0,0.0,137.0
0015ae7c27688d45f79170dcea16131ce557912a1a0c5f3b6b0465ee0774a452.apk,0015ae7c27688d45f79170dcea16131ce557912a1a0c5f3b6b0465ee0774a452,1,androzoo,177834.0,1.0,7.0,4.0,0.0,0.0,0.0,0.0,0.0,0.0,0.0,0.0,0.0,0.0,1.0,0.0,0.0,0.0,0.0,0.0,0.0,0.0,1.0,0.0,0.0,1.0,0.0,1.0,0.0,3.0,1.0,1.0,0.0,0.0,0.0,0.0,0.0,0.0,0.0,0.0,0.0,0.0,0.0,0.0,1.0,0.0,129.0
0015e9eae15f0deab78ef71fdbd5bc4d5e60f14b617db9dcaebf35f74e679bf6.apk,0015e9eae15f0deab78ef71fdbd5bc4d5e60f14b617db9dcaebf35f74e679bf6,1,androzoo,1710000.0,1.0,9.0,3.0,0.0,0.0,0.0,0.0,0.0,0.0,0.0,0.0,0.0,0.0,1.0,0.0,0.0,0.0,0.0,0.0,0.0,0.0,1.0,0.0,0.0,1.0,0.0,0.0,0.0,1.0,1.0,1.0,0.0,0.0,0.0,0.0,0.0,0.0,0.0,0.0,0.0,0.0,0.0,0.0,1.0,0.0,103.0
0009b575be68b8142bfe736fb5c982e1e81da0c7332cd1f4a184d48f5d8820b5.apk,0009b575be68b8142bfe736fb5c982e1e81da0c7332cd1f4a184d48f5d8820b5,1,androzoo,995781.0,1.0,32.0,12.0,1.0,1.0,1.0,0.0,0.0,1.0,0.0,0.0,0.0,1.0,1.0,0.0,0.0,0.0,0.0,0.0,1.0,0.0,1.0,0.0,0.0,1.0,1.0,1.0,1.0,3.0,5.0,3.0,0.0,0.0,0.0,0.0,0.0,0.0,0.0,0.0,0.0,0.0,0.0,0.0,1.0,0.0,70.0
000e0948176bdec2b6e19d0f03e23f37910676a9b7e7709954614bac79269c36.apk,000e0948176bdec2b6e19d0f03e23f37910676a9b7e7709954614bac79269c36,1,androzoo,32363.0,1.0,21.0,5.0,1.0,0.0,0.0,0.0,0.0,0.0,0.0,1.0,1.0,0.0,0.0,0.0,1.0,0.0,0.0,0.0,1.0,0.0,0.0,0.0,0.0,0.0,0.0,0.0,0.0,1.0,0.0,0.0,0.0,0.0,0.0,0.0,0.0,0.0,0.0,0.0,0.0,0.0,0.0,0.0,1.0,0.0,71.0
0011b4aacb05af2bedafd13e2c16cfe981687112e4a1516ea526ae2329767510.apk,0011b4aacb05af2bedafd13e2c16cfe981687112e4a1516ea526ae2329767510,1,androzoo,4861625.0,1.0,27.0,10.0,0.0,0.0,0.0,0.0,0.0,1.0,0.0,0.0,1.0,1.0,1.0,0.0,1.0,0.0,0.0,0.0,1.0,0.0,1.0,0.0,0.0,1.0,1.0,1.0,0.0,7.0,2.0,4.0,0.0,0.0,0.0,0.0,0.0,0.0,0.0,0.0,0.0,0.0,0.0,0.0,1.0,0.0,15.0
000701420a97eca971144183948de1a959db63a4517b9ae9b17b1741451f5afc.apk,000701420a97eca971144183948de1a959db63a4517b9ae9b17b1741451f5afc,1,androzoo,2413286.0,1.0,43.0,15.0,1.0,1.0,1.0,0.0,0.0,1.0,0.0,0.0,1.0,1.0,1.0,0.0,1.0,0.0,1.0,0.0,1.0,0.0,1.0,0.0,0.0,1.0,1.0,1.0,1.0,9.0,16.0,8.0,0.0,0.0,0.0,0.0,0.0,0.0,0.0,0.0,0.0,0.0,0.0,0.0,1.0,0.0,110.0
000b53a9aeaadfd9e552fe5cda8d244dce824aca51dab93757e91a2bd9c8b7cf.apk,000b53a9aeaadfd9e552fe5cda8d244dce824aca51dab93757e91a2bd9c8b7cf,1,androzoo,2806924.0,1.0,33.0,14.0,1.0,1.0,1.0,1.0,1.0,1.0,0.0,1.0,0.0,1.0,1.0,0.0,0.0,0.0,0.0,0.0,0.0,0.0,1.0,0.0,0.0,1.0,1.0,1.0,1.0,14.0,10.0,7.0,0.0,0.0,0.0,0.0,0.0,0.0,0.0,0.0,0.0,0.0,0.0,0.0,1.0,0.0,117.0
000e5e567e15597b2fdf803f59313f9f52c6f70c2346a1ea1650f090bb4cc6bf.apk,000e5e567e15597b2fdf803f59313f9f52c6f70c2346a1ea1650f090bb4cc6bf,1,androzoo,149572.0,1.0,10.0,3.0,0.0,0.0,0.0,0.0,0.0,0.0,0.0,0.0,0.0,0.0,1.0,0.0,0.0,0.0,0.0,0.0,0.0,0.0,1.0,0.0,0.0,1.0,0.0,0.0,0.0,3.0,1.0,1.0,0.0,0.0,0.0,0.0,0.0,0.0,0.0,0.0,0.0,0.0,0.0,0.0,1.0,0.0,103.0
0012bb301d58d09fd29e07001854de2111da7496b69da8b53b89ff374c1b8aff.apk,0012bb301d58d09fd29e07001854de2111da7496b69da8b53b89ff374c1b8aff,1,androzoo,2445871.0,1.0,42.0,14.0,1.0,1.0,1.0,0.0,0.0,1.0,0.0,0.0,1.0,1.0,1.0,0.0,0.0,0.0,1.0,0.0,1.0,0.0,1.0,0.0,0.0,1.0,1.0,1.0,1.0,15.0,16.0,7.0,0.0,0.0,0.0,0.0,0.0,0.0,0.0,0.0,0.0,0.0,0.0,0.0,1.0,0.0,110.0
001b85d04e91fe5dc5b6e3f418820eb3ce9f4f3787151d51edd08bbfc7cf42eb.apk,001b85d04e91fe5dc5b6e3f418820eb3ce9f4f3787151d51edd08bbfc7cf42eb,1,androzoo,1751102.0,1.0,43.0,15.0,1.0,1.0,1.0,0.0,0.0,1.0,0.0,0.0,1.0,1.0,1.0,0.0,1.0,0.0,1.0,0.0,1.0,0.0,1.0,0.0,0.0,1.0,1.0,1.0,1.0,9.0,12.0,7.0,0.0,0.0,0.0,0.0,0.0,0.0,0.0,0.0,0.0,0.0,0.0,0.0,1.0,0.0,110.0
001e0f67b5bb9ddab14facbef94791eaed0eb939bcb651d19dafd0e2a05d8178.apk,001e0f67b5bb9ddab14facbef94791eaed0eb939bcb651d19dafd0e2a05d8178,1,androzoo,748849.0,1.0,14.0,7.0,0.0,0.0,1.0,0.0,0.0,1.0,0.0,0.0,0.0,1.0,1.0,0.0,0.0,0.0,0.0,0.0,0.0,0.0,1.0,0.0,0.0,1.0,0.0,1.0,0.0,8.0,2.0,1.0,1.0,0.0,0.0,0.0,0.0,0.0,0.0,0.0,0.0,0.0,0.0,0.0,1.0,0.0,129.0
000027d1da96332efcb54af76906a7298121ebcccdab3d7dce999f8043e74ee7.apk,000027d1da96332efcb54af76906a7298121ebcccdab3d7dce999f8043e74ee7,1,androzoo,1750444.0,1.0,43.0,15.0,1.0,1.0,1.0,0.0,0.0,1.0,0.0,0.0,1.0,1.0,1.0,0.0,1.0,0.0,1.0,0.0,1.0,0.0,1.0,0.0,0.0,1.0,1.0,1.0,1.0,9.0,11.0,7.0,0.0,0.0,0.0,0.0,0.0,0.0,0.0,0.0,0.0,0.0,0.0,0.0,1.0,0.0,110.0
0002f45e396b4d948ed0e9d2f818ec9f1b10f592347d43825ca2ff6a271a6867.apk,0002f45e396b4d948ed0e9d2f818ec9f1b10f592347d43825ca2ff6a271a6867,1,androzoo,37676.0,1.0,18.0,9.0,0.0,0.0,0.0,0.0,1.0,1.0,0.0,1.0,0.0,0.0,1.0,0.0,1.0,0.0,0.0,0.0,1.0,0.0,1.0,0.0,1.0,1.0,0.0,0.0,0.0,5.0,7.0,2.0,0.0,0.0,0.0,0.0,0.0,0.0,0.0,0.0,0.0,0.0,0.0,0.0,1.0,0.0,63.0
00088e191503bbfbd5c56a789a71e8c718e42ea422ec73c760ee2de489e02b2e.apk,00088e191503bbfbd5c56a789a71e8c718e42ea422ec73c760ee2de489e02b2e,1,androzoo,407515.0,1.0,4.0,4.0,1.0,0.0,0.0,1.0,0.0,0.0,0.0,0.0,0.0,0.0,0.0,0.0,0.0,0.0,0.0,0.0,0.0,0.0,1.0,0.0,0.0,1.0,0.0,0.0,0.0,2.0,0.0,1.0,0.0,0.0,0.0,0.0,0.0,0.0,0.0,0.0,0.0,0.0,0.0,0.0,1.0,1.0,62.0
000aca05e653b5be039d4d89c36857f0dee56448aacc2b6827934b208be8e2c3.apk,000aca05e653b5be039d4d89c36857f0dee56448aacc2b6827934b208be8e2c3,1,androzoo,1829748.0,1.0,42.0,14.0,1.0,1.0,1.0,0.0,0.0,1.0,0.0,0.0,1.0,1.0,1.0,0.0,1.0,0.0,0.0,0.0,1.0,0.0,1.0,0.0,0.0,1.0,1.0,1.0,1.0,7.0,8.0,3.0,0.0,0.0,0.0,0.0,0.0,0.0,0.0,0.0,0.0,0.0,0.0,0.0,1.0,0.0,110.0
000aca627c2bbdae2c94b6dc091f535d3c5f4e0904be588e4557b29b0fc2bd72.apk,000aca627c2bbdae2c94b6dc091f535d3c5f4e0904be588e4557b29b0fc2bd72,1,androzoo,4878898.0,1.0,15.0,5.0,0.0,0.0,0.0,0.0,0.0,1.0,0.0,0.0,0.0,0.0,1.0,0.0,0.0,0.0,0.0,0.0,1.0,0.0,1.0,0.0,0.0,1.0,0.0,0.0,0.0,24.0,4.0,4.0,0.0,0.0,0.0,0.0,0.0,0.0,0.0,0.0,0.0,0.0,0.0,0.0,1.0,0.0,175.0
0012da08d94de6fb62ecb01c3d25dd31288d08fe40c471afde1ec7069b632377.apk,0012da08d94de6fb62ecb01c3d25dd31288d08fe40c471afde1ec7069b632377,1,androzoo,62342.0,1.0,7.0,4.0,1.0,0.0,0.0,0.0,0.0,0.0,0.0,0.0,0.0,0.0,1.0,0.0,0.0,0.0,0.0,0.0,1.0,0.0,1.0,0.0,0.0,0.0,0.0,0.0,0.0,1.0,1.0,2.0,0.0,0.0,0.0,0.0,0.0,0.0,0.0,0.0,0.0,0.0,0.0,0.0,1.0,0.0,175.0
001331bef17627aab8c8c4415758bedc77c163bd054847166a16a4e5319f1279.apk,001331bef17627aab8c8c4415758bedc77c163bd054847166a16a4e5319f1279,1,androzoo,1763932.0,1.0,43.0,15.0,1.0,1.0,1.0,0.0,0.0,1.0,0.0,0.0,1.0,1.0,1.0,0.0,1.0,0.0,1.0,0.0,1.0,0.0,1.0,0.0,0.0,1.0,1.0,1.0,1.0,9.0,11.0,5.0,0.0,0.0,0.0,0.0,0.0,0.0,0.0,0.0,0.0,0.0,0.0,0.0,1.0,0.0,110.0
0008272677ba26df53ecdf374c2450fa4ef923eb506e933b5641bb7a08956cb9.apk,0008272677ba26df53ecdf374c2450fa4ef923eb506e933b5641bb7a08956cb9,1,androzoo,1750586.0,1.0,43.0,15.0,1.0,1.0,1.0,0.0,0.0,1.0,0.0,0.0,1.0,1.0,1.0,0.0,1.0,0.0,1.0,0.0,1.0,0.0,1.0,0.0,0.0,1.0,1.0,1.0,1.0,9.0,11.0,7.0,0.0,0.0,0.0,0.0,0.0,0.0,0.0,0.0,0.0,0.0,0.0,0.0,1.0,0.0,110.0
000f9e0856489ce8796fca3d9bdd2c6d4df3c383e47ff1cbcd0caa3d12f7fdf3.apk,000f9e0856489ce8796fca3d9bdd2c6d4df3c383e47ff1cbcd0caa3d12f7fdf3,1,androzoo,1744111.0,1.0,42.0,14.0,1.0,1.0,1.0,0.0,0.0,1.0,0.0,0.0,1.0,1.0,1.0,0.0,1.0,0.0,0.0,0.0,1.0,0.0,1.0,0.0,0.0,1.0,1.0,1.0,1.0,9.0,12.0,7.0,0.0,0.0,0.0,0.0,0.0,0.0,0.0,0.0,0.0,0.0,0.0,0.0,1.0,0.0,110.0
00161440100e14ed93045b056895e58ae3fd83d10abb126ff1bd35758dedcdf3.apk,00161440100e14ed93045b056895e58ae3fd83d10abb126ff1bd35758dedcdf3,1,androzoo,1750355.0,1.0,43.0,15.0,1.0,1.0,1.0,0.0,0.0,1.0,0.0,0.0,1.0,1.0,1.0,0.0,1.0,0.0,1.0,0.0,1.0,0.0,1.0,0.0,0.0,1.0,1.0,1.0,1.0,9.0,11.0,7.0,0.0,0.0,0.0,0.0,0.0,0.0,0.0,0.0,0.0,0.0,0.0,0.0,1.0,0.0,110.0
001a486aaf615cbc4f913bea5afe0ecf6ec94d1480a41b2af7f2004ab2c62323.apk,001a486aaf615cbc4f913bea5afe0ecf6ec94d1480a41b2af7f2004ab2c62323,1,androzoo,1698821.0,1.0,43.0,15.0,1.0,1.0,1.0,0.0,0.0,1.0,0.0,0.0,1.0,1.0,1.0,0.0,1.0,0.0,1.0,0.0,1.0,0.0,1.0,0.0,0.0,1.0,1.0,1.0,1.0,9.0,13.0,8.0,0.0,0.0,0.0,0.0,0.0,0.0,0.0,0.0,0.0,0.0,0.0,0.0,1.0,0.0,110.0
00013e39079f820cc8010fa9b6deb57290b6bee75365dfbe36b9348052760d08.apk,00013e39079f820cc8010fa9b6deb57290b6bee75365dfbe36b9348052760d08,1,androzoo,826822.0,1.0,24.0,12.0,1.0,1.0,1.0,1.0,1.0,1.0,0.0,1.0,0.0,0.0,1.0,0.0,1.0,1.0,0.0,0.0,0.0,0.0,1.0,0.0,0.0,1.0,0.0,0.0,0.0,2.0,2.0,3.0,0.0,0.0,0.0,0.0,0.0,0.0,0.0,0.0,0.0,0.0,0.0,0.0,1.0,1.0,62.0
00057c2dd898e6411c1680c7b0a229989fb473ea5bc383434f5652f6bfe0c6dc.apk,00057c2dd898e6411c1680c7b0a229989fb473ea5bc383434f5652f6bfe0c6dc,1,androzoo,2363156.0,1.0,13.0,5.0,0.0,0.0,0.0,0.0,0.0,1.0,0.0,0.0,0.0,1.0,1.0,0.0,0.0,0.0,0.0,0.0,0.0,0.0,0.0,0.0,0.0,1.0,0.0,1.0,0.0,7.0,1.0,1.0,0.0,0.0,0.0,0.0,0.0,0.0,0.0,0.0,0.0,0.0,0.0,0.0,1.0,1.0,62.0
00068e035ec321fd67fa9d4552fb25146fadb539a5794474f4c9c1f69f86f3b5.apk,00068e035ec321fd67fa9d4552fb25146fadb539a5794474f4c9c1f69f86f3b5,1,androzoo,3594131.0,1.0,22.0,9.0,0.0,0.0,0.0,1.0,0.0,1.0,0.0,0.0,0.0,0.0,1.0,0.0,0.0,0.0,0.0,0.0,1.0,0.0,1.0,0.0,1.0,1.0,0.0,1.0,1.0,10.0,3.0,5.0,0.0,0.0,0.0,0.0,0.0,0.0,0.0,0.0,0.0,0.0,0.0,0.0,1.0,0.0,18.0
000f18ac81d526e9aa1766c24043f0ed5b3e61153fb2b586763c6338d40c7bce.apk,000f18ac81d526e9aa1766c24043f0ed5b3e61153fb2b586763c6338d40c7bce,1,androzoo,1599735.0,1.0,16.0,7.0,0.0,0.0,0.0,0.0,0.0,1.0,0.0,0.0,0.0,1.0,1.0,0.0,1.0,0.0,0.0,0.0,1.0,0.0,0.0,0.0,0.0,1.0,1.0,0.0,0.0,13.0,0.0,0.0,0.0,0.0,0.0,0.0,0.0,0.0,0.0,0.0,0.0,0.0,0.0,0.0,1.0,0.0,106.0
0010381474605c3fff5d8031596af4f22d3afe8c1ba6ccab697e8ec6c8e7e396.apk,0010381474605c3fff5d8031596af4f22d3afe8c1ba6ccab697e8ec6c8e7e396,1,androzoo,1102058.0,1.0,12.0,4.0,0.0,0.0,0.0,0.0,0.0,1.0,0.0,0.0,0.0,0.0,1.0,0.0,0.0,0.0,0.0,0.0,1.0,0.0,0.0,0.0,0.0,1.0,0.0,0.0,0.0,12.0,5.0,6.0,1.0,0.0,0.0,0.0,0.0,0.0,0.0,0.0,0.0,0.0,0.0,0.0,1.0,0.0,19.0
00185f2669b6a9ae384e84aea975f0628cf73968b34b226e9a0f0f99a6abdafe.apk,00185f2669b6a9ae384e84aea975f0628cf73968b34b226e9a0f0f99a6abdafe,1,androzoo,1855084.0,1.0,19.0,9.0,0.0,0.0,0.0,1.0,0.0,1.0,0.0,0.0,0.0,1.0,1.0,0.0,1.0,1.0,0.0,0.0,0.0,0.0,1.0,0.0,0.0,1.0,0.0,1.0,0.0,10.0,1.0,1.0,1.0,0.0,0.0,0.0,0.0,0.0,0.0,0.0,0.0,0.0,0.0,0.0,1.0,0.0,17.0
00067baec81d70e3c5c174b7c23b1ff1002ff4d38eb12cd4658af82b7151db4b.apk,00067baec81d70e3c5c174b7c23b1ff1002ff4d38eb12cd4658af82b7151db4b,1,androzoo,2088028.0,1.0,7.0,3.0,0.0,0.0,0.0,0.0,0.0,0.0,0.0,0.0,0.0,0.0,1.0,0.0,0.0,0.0,0.0,0.0,0.0,0.0,1.0,0.0,0.0,1.0,0.0,0.0,0.0,2.0,1.0,1.0,0.0,0.0,0.0,0.0,0.0,0.0,0.0,0.0,0.0,0.0,0.0,0.0,1.0,0.0,103.0
001f1bca89941ef08165d622261a895816eefdd742b5ea2e8579fdc320b3a4c7.apk,001f1bca89941ef08165d622261a895816eefdd742b5ea2e8579fdc320b3a4c7,1,androzoo,2878043.0,1.0,11.0,3.0,0.0,0.0,0.0,0.0,0.0,0.0,0.0,0.0,0.0,0.0,1.0,0.0,0.0,0.0,0.0,0.0,0.0,0.0,1.0,0.0,0.0,1.0,0.0,0.0,0.0,1.0,1.0,1.0,0.0,0.0,0.0,0.0,0.0,0.0,0.0,0.0,0.0,0.0,0.0,0.0,1.0,0.0,103.0
00041cb24a2bb4585b4a2ab040a13a00789ec7b683b38e43b02d0e5495ad1e86.apk,00041cb24a2bb4585b4a2ab040a13a00789ec7b683b38e43b02d0e5495ad1e86,1,androzoo,3073730.0,1.0,6.0,2.0,0.0,0.0,0.0,0.0,0.0,0.0,0.0,0.0,0.0,1.0,1.0,0.0,0.0,0.0,0.0,0.0,0.0,0.0,0.0,0.0,0.0,0.0,0.0,0.0,0.0,9.0,0.0,0.0,0.0,0.0,0.0,0.0,0.0,0.0,0.0,0.0,0.0,0.0,0.0,0.0,1.0,0.0,117.0
0007f8e0bd4f51dedba1703a2dbce163eeaf91564baa55df0acf276754560080.apk,0007f8e0bd4f51dedba1703a2dbce163eeaf91564baa55df0acf276754560080,1,androzoo,451641.0,1.0,9.0,4.0,0.0,0.0,0.0,0.0,0.0,1.0,0.0,0.0,0.0,0.0,1.0,0.0,0.0,0.0,0.0,0.0,0.0,0.0,0.0,0.0,0.0,1.0,0.0,1.0,0.0,5.0,1.0,1.0,0.0,0.0,0.0,0.0,0.0,0.0,0.0,0.0,0.0,0.0,0.0,0.0,1.0,1.0,62.0
0017de56ac0a11c2638934bbf438ec5008acb3894d1246e9c53b7f5cea559b71.apk,0017de56ac0a11c2638934bbf438ec5008acb3894d1246e9c53b7f5cea559b71,1,androzoo,3230155.0,1.0,27.0,10.0,0.0,0.0,0.0,1.0,1.0,1.0,0.0,0.0,0.0,1.0,1.0,0.0,0.0,0.0,1.0,0.0,1.0,0.0,0.0,0.0,1.0,1.0,0.0,1.0,0.0,14.0,1.0,0.0,1.0,0.0,0.0,1.0,0.0,0.0,0.0,0.0,0.0,0.0,0.0,0.0,1.0,0.0,120.0
001969e94f3ba654b9983a7939d3409a366888ed241e0f888f93f5ed43397cac.apk,001969e94f3ba654b9983a7939d3409a366888ed241e0f888f93f5ed43397cac,1,androzoo,1714540.0,1.0,8.0,3.0,0.0,0.0,0.0,0.0,0.0,1.0,0.0,0.0,0.0,0.0,1.0,0.0,0.0,0.0,0.0,0.0,0.0,0.0,0.0,0.0,0.0,1.0,0.0,0.0,0.0,8.0,1.0,0.0,0.0,0.0,0.0,0.0,0.0,0.0,0.0,0.0,0.0,0.0,0.0,0.0,1.0,0.0,16.0
001f6f174880772ee07293c888d5bbde1eeb2b7fc40071123973179e8960fd05.apk,001f6f174880772ee07293c888d5bbde1eeb2b7fc40071123973179e8960fd05,1,androzoo,2766299.0,1.0,28.0,12.0,0.0,0.0,1.0,1.0,0.0,1.0,0.0,1.0,0.0,1.0,1.0,0.0,1.0,1.0,0.0,0.0,1.0,0.0,1.0,0.0,0.0,1.0,0.0,1.0,0.0,38.0,3.0,2.0,0.0,0.0,0.0,0.0,0.0,0.0,0.0,0.0,0.0,0.0,0.0,0.0,1.0,0.0,124.0
00071b48f368265d03afc385d61daba4b6100c8723a017363f6035c0c46cd3e8.apk,00071b48f368265d03afc385d61daba4b6100c8723a017363f6035c0c46cd3e8,1,androzoo,3151615.0,1.0,21.0,7.0,0.0,0.0,0.0,0.0,0.0,1.0,0.0,0.0,1.0,1.0,1.0,0.0,0.0,0.0,0.0,0.0,0.0,0.0,1.0,0.0,0.0,0.0,1.0,1.0,0.0,24.0,19.0,10.0,3.0,0.0,0.0,0.0,0.0,0.0,0.0,0.0,0.0,0.0,0.0,0.0,1.0,0.0,17.0
000fc24b6da1874c00c9ebcdb5e5c1f8ebea069c17fe73fdeec6fb7f487e54e2.apk,000fc24b6da1874c00c9ebcdb5e5c1f8ebea069c17fe73fdeec6fb7f487e54e2,1,androzoo,1724110.0,1.0,6.0,3.0,0.0,0.0,0.0,0.0,0.0,1.0,0.0,0.0,0.0,0.0,1.0,0.0,0.0,0.0,0.0,0.0,0.0,0.0,0.0,0.0,0.0,1.0,0.0,0.0,0.0,6.0,0.0,0.0,0.0,0.0,0.0,0.0,0.0,0.0,0.0,0.0,0.0,0.0,0.0,0.0,1.0,0.0,105.0
0014777bd280fd19867e2ce4b59ef68a6fe44def1ff514986d05da8ad4004c96.apk,0014777bd280fd19867e2ce4b59ef68a6fe44def1ff514986d05da8ad4004c96,1,androzoo,2387407.0,1.0,9.0,4.0,0.0,0.0,0.0,0.0,0.0,0.0,0.0,0.0,1.0,0.0,1.0,0.0,0.0,0.0,0.0,0.0,0.0,0.0,0.0,0.0,0.0,1.0,0.0,1.0,0.0,3.0,1.0,2.0,0.0,0.0,0.0,0.0,0.0,0.0,0.0,0.0,0.0,0.0,0.0,0.0,1.0,0.0,128.0
0015a6c5c8513e294af74753b4caf0195bc600582650d73deae8bd880d5aeb28.apk,0015a6c5c8513e294af74753b4caf0195bc600582650d73deae8bd880d5aeb28,1,androzoo,2055451.0,1.0,23.0,7.0,0.0,0.0,0.0,0.0,0.0,1.0,0.0,0.0,1.0,0.0,1.0,0.0,1.0,1.0,0.0,0.0,1.0,0.0,0.0,0.0,0.0,1.0,0.0,0.0,0.0,5.0,0.0,1.0,0.0,0.0,0.0,0.0,0.0,0.0,0.0,0.0,0.0,0.0,0.0,0.0,1.0,0.0,141.0
001e52a648223df69232502c33842306dc5c7550a9803607baedeb002af8abeb.apk,001e52a648223df69232502c33842306dc5c7550a9803607baedeb002af8abeb,1,androzoo,3910403.0,1.0,22.0,9.0,0.0,0.0,0.0,1.0,0.0,1.0,0.0,0.0,0.0,1.0,1.0,0.0,1.0,1.0,0.0,0.0,0.0,0.0,1.0,0.0,0.0,1.0,0.0,1.0,0.0,35.0,2.0,6.0,1.0,0.0,0.0,0.0,0.0,0.0,0.0,0.0,0.0,0.0,0.0,0.0,1.0,0.0,19.0
0004a02b626836c157691a44717e26edbeb3e8c9dd8d982cb395d5e47de5bf00.apk,0004a02b626836c157691a44717e26edbeb3e8c9dd8d982cb395d5e47de5bf00,1,androzoo,1014967.0,1.0,9.0,5.0,0.0,0.0,0.0,0.0,0.0,1.0,0.0,0.0,0.0,0.0,1.0,0.0,0.0,0.0,0.0,0.0,1.0,0.0,1.0,0.0,0.0,1.0,0.0,0.0,0.0,4.0,3.0,3.0,0.0,0.0,0.0,0.0,0.0,0.0,0.0,0.0,0.0,0.0,0.0,0.0,1.0,0.0,108.0
0006418355d4f7686c54430bcc1f25d0a7a4ffb973d15b1c8c4f643e30d0a9e1.apk,0006418355d4f7686c54430bcc1f25d0a7a4ffb973d15b1c8c4f643e30d0a9e1,1,androzoo,959540.0,1.0,13.0,5.0,0.0,0.0,0.0,0.0,0.0,0.0,0.0,0.0,0.0,0.0,1.0,0.0,0.0,0.0,0.0,0.0,1.0,0.0,0.0,0.0,1.0,1.0,0.0,0.0,1.0,9.0,1.0,1.0,0.0,0.0,0.0,0.0,0.0,0.0,0.0,0.0,0.0,0.0,0.0,0.0,1.0,0.0,16.0
000a0b1022ec485473dfaaca433f9548911bc7089b6a3c7b47f9ec5541005ca1.apk,000a0b1022ec485473dfaaca433f9548911bc7089b6a3c7b47f9ec5541005ca1,1,androzoo,1223686.0,1.0,9.0,4.0,0.0,0.0,0.0,0.0,0.0,1.0,0.0,0.0,0.0,1.0,1.0,0.0,0.0,0.0,0.0,0.0,0.0,0.0,0.0,0.0,0.0,1.0,0.0,0.0,0.0,12.0,0.0,0.0,0.0,0.0,0.0,0.0,0.0,0.0,0.0,0.0,0.0,0.0,0.0,0.0,1.0,1.0,62.0
001318cb31f4def672d2e33145fae050861f83dc0d6bf09bd87201a20fe62752.apk,001318cb31f4def672d2e33145fae050861f83dc0d6bf09bd87201a20fe62752,1,androzoo,4323650.0,1.0,9.0,3.0,0.0,0.0,0.0,0.0,0.0,1.0,0.0,0.0,0.0,0.0,1.0,0.0,0.0,0.0,0.0,0.0,0.0,0.0,0.0,0.0,0.0,1.0,0.0,0.0,0.0,6.0,1.0,0.0,0.0,0.0,0.0,0.0,0.0,0.0,0.0,0.0,0.0,0.0,0.0,0.0,1.0,0.0,14.0
00161b1614cb7b10f57be818640a2bbbc92ff596fe977aab93546e92bbdca420.apk,00161b1614cb7b10f57be818640a2bbbc92ff596fe977aab93546e92bbdca420,1,androzoo,611969.0,1.0,20.0,7.0,0.0,0.0,0.0,0.0,0.0,1.0,0.0,0.0,1.0,1.0,1.0,0.0,0.0,0.0,0.0,0.0,1.0,0.0,0.0,0.0,0.0,1.0,0.0,1.0,0.0,2.0,4.0,3.0,0.0,0.0,0.0,1.0,0.0,0.0,0.0,0.0,0.0,0.0,0.0,0.0,1.0,0.0,17.0
001903f8a6cd9d67a732adaaae656c0c6be66cd7249644228ad7a7b8e93d5ff5.apk,001903f8a6cd9d67a732adaaae656c0c6be66cd7249644228ad7a7b8e93d5ff5,1,androzoo,1494805.0,1.0,10.0,4.0,0.0,0.0,0.0,0.0,0.0,1.0,0.0,0.0,0.0,0.0,1.0,0.0,0.0,0.0,0.0,0.0,1.0,0.0,0.0,0.0,0.0,1.0,0.0,0.0,0.0,4.0,1.0,1.0,0.0,0.0,0.0,0.0,0.0,0.0,0.0,0.0,0.0,0.0,0.0,0.0,1.0,0.0,120.0
00197f204474245f82661538a43054dd0ba210ebc696ddfba41a06aaefa9218c.apk,00197f204474245f82661538a43054dd0ba210ebc696ddfba41a06aaefa9218c,1,androzoo,282410.0,1.0,36.0,8.0,0.0,0.0,0.0,0.0,0.0,1.0,0.0,0.0,1.0,0.0,1.0,0.0,1.0,0.0,0.0,0.0,1.0,0.0,1.0,0.0,0.0,1.0,0.0,1.0,0.0,12.0,1.0,7.0,0.0,0.0,0.0,0.0,0.0,0.0,0.0,0.0,0.0,0.0,0.0,0.0,1.0,0.0,122.0
001aae3481ebad2bc3a760ca039a35c4081f0d007d9a0707623b07b754e910e2.apk,001aae3481ebad2bc3a760ca039a35c4081f0d007d9a0707623b07b754e910e2,1,androzoo,2526452.0,1.0,16.0,5.0,0.0,0.0,0.0,0.0,0.0,1.0,0.0,0.0,0.0,0.0,1.0,0.0,0.0,0.0,0.0,0.0,1.0,0.0,1.0,0.0,0.0,1.0,0.0,0.0,0.0,6.0,2.0,4.0,0.0,0.0,0.0,0.0,0.0,0.0,0.0,0.0,0.0,0.0,0.0,0.0,1.0,0.0,117.0
001c0970221dbea52174915793c4e399933beb108389e49128051e8d4b9f829a.apk,001c0970221dbea52174915793c4e399933beb108389e49128051e8d4b9f829a,1,androzoo,991930.0,1.0,13.0,4.0,0.0,0.0,0.0,0.0,0.0,0.0,0.0,0.0,0.0,0.0,1.0,0.0,0.0,0.0,0.0,0.0,1.0,0.0,0.0,0.0,0.0,1.0,0.0,0.0,1.0,5.0,1.0,1.0,0.0,0.0,0.0,0.0,0.0,0.0,0.0,0.0,0.0,0.0,0.0,0.0,1.0,0.0,22.0
001e43cd63a66b3efc9921927a1eb599e2d65340d9a43a3b4f56ac32a649bd58.apk,001e43cd63a66b3efc9921927a1eb599e2d65340d9a43a3b4f56ac32a649bd58,1,androzoo,2655928.0,1.0,18.0,6.0,0.0,0.0,0.0,0.0,0.0,1.0,0.0,0.0,1.0,0.0,1.0,0.0,0.0,0.0,0.0,0.0,1.0,0.0,1.0,0.0,0.0,1.0,0.0,0.0,0.0,4.0,4.0,2.0,0.0,0.0,0.0,0.0,0.0,0.0,0.0,0.0,0.0,0.0,0.0,0.0,1.0,0.0,130.0
001efe060641005f12ac678944c781e18ce6121e84896ef1f5e46d461dabd106.apk,001efe060641005f12ac678944c781e18ce6121e84896ef1f5e46d461dabd106,1,androzoo,3044318.0,1.0,21.0,7.0,0.0,0.0,0.0,0.0,0.0,1.0,0.0,0.0,0.0,0.0,1.0,0.0,1.0,0.0,0.0,0.0,1.0,0.0,1.0,0.0,0.0,1.0,0.0,1.0,0.0,18.0,3.0,5.0,0.0,0.0,0.0,0.0,0.0,0.0,0.0,0.0,0.0,0.0,0.0,0.0,1.0,0.0,175.0
0001b988ed1cc0c1918566bc2dc0daa100840fff21565cdcf278a04e9e135e33.apk,0001b988ed1cc0c1918566bc2dc0daa100840fff21565cdcf278a04e9e135e33,1,androzoo,2712928.0,1.0,27.0,11.0,0.0,0.0,1.0,1.0,0.0,1.0,0.0,1.0,0.0,1.0,1.0,0.0,1.0,1.0,0.0,0.0,0.0,0.0,1.0,0.0,0.0,1.0,0.0,1.0,0.0,37.0,3.0,1.0,0.0,0.0,0.0,0.0,0.0,0.0,0.0,0.0,0.0,0.0,0.0,0.0,1.0,0.0,124.0
00023bcfc14ce3027a542987394a97c64b6c1b9304090f9593e203587e1c2048.apk,00023bcfc14ce3027a542987394a97c64b6c1b9304090f9593e203587e1c2048,1,androzoo,2656414.0,1.0,17.0,9.0,0.0,0.0,0.0,0.0,0.0,1.0,0.0,1.0,1.0,0.0,1.0,0.0,0.0,1.0,0.0,0.0,1.0,0.0,1.0,0.0,1.0,1.0,0.0,0.0,0.0,7.0,3.0,3.0,0.0,0.0,0.0,0.0,0.0,0.0,0.0,0.0,0.0,0.0,0.0,0.0,1.0,0.0,69.0
0007ea25c41dc5f595d55a70c4581d7f5a5e2754e0b6e674760491a0dbb2135f.apk,0007ea25c41dc5f595d55a70c4581d7f5a5e2754e0b6e674760491a0dbb2135f,1,androzoo,4603670.0,1.0,9.0,2.0,0.0,0.0,0.0,0.0,0.0,0.0,0.0,0.0,0.0,0.0,1.0,0.0,0.0,0.0,0.0,0.0,0.0,0.0,0.0,0.0,0.0,1.0,0.0,0.0,0.0,2.0,0.0,0.0,0.0,0.0,0.0,0.0,0.0,0.0,0.0,0.0,0.0,0.0,0.0,0.0,1.0,0.0,19.0
0008b849c70477faf464e80df6c7ea91569f78bd2f13af79924f8b5341a44edd.apk,0008b849c70477faf464e80df6c7ea91569f78bd2f13af79924f8b5341a44edd,1,androzoo,863708.0,1.0,8.0,3.0,0.0,0.0,0.0,0.0,0.0,0.0,0.0,0.0,0.0,0.0,1.0,0.0,0.0,1.0,0.0,0.0,0.0,0.0,0.0,0.0,0.0,1.0,0.0,0.0,0.0,4.0,0.0,0.0,0.0,0.0,0.0,0.0,0.0,0.0,0.0,0.0,0.0,0.0,0.0,0.0,1.0,0.0,175.0
000a8b85d776c61b8d96e15f8564c6d88867b5fe7ed20c74751396d25de030f9.apk,000a8b85d776c61b8d96e15f8564c6d88867b5fe7ed20c74751396d25de030f9,1,androzoo,4049125.0,1.0,11.0,4.0,0.0,0.0,0.0,0.0,0.0,1.0,0.0,0.0,0.0,1.0,1.0,0.0,0.0,0.0,0.0,0.0,0.0,0.0,0.0,0.0,0.0,1.0,0.0,0.0,0.0,20.0,2.0,1.0,1.0,0.0,0.0,0.0,0.0,0.0,0.0,0.0,0.0,0.0,0.0,0.0,1.0,0.0,116.0
000c5ff9eb3321cd6e439cea102b6e4b5780f53ffaff25f47e1e6ac3a93bcca8.apk,000c5ff9eb3321cd6e439cea102b6e4b5780f53ffaff25f47e1e6ac3a93bcca8,1,androzoo,436511.0,1.0,13.0,5.0,0.0,0.0,0.0,0.0,0.0,1.0,0.0,0.0,0.0,0.0,1.0,0.0,0.0,0.0,0.0,0.0,1.0,0.0,1.0,0.0,0.0,1.0,0.0,0.0,0.0,7.0,2.0,3.0,0.0,0.0,0.0,0.0,0.0,0.0,0.0,0.0,0.0,0.0,0.0,0.0,1.0,1.0,62.0
00111dc98bd753e8a10ad0b09bd4ab12c72474d9cdcded96067852d08ddff4e7.apk,00111dc98bd753e8a10ad0b09bd4ab12c72474d9cdcded96067852d08ddff4e7,1,androzoo,3432238.0,1.0,12.0,3.0,0.0,0.0,0.0,0.0,0.0,1.0,0.0,0.0,0.0,0.0,1.0,0.0,0.0,0.0,0.0,0.0,0.0,0.0,0.0,0.0,0.0,1.0,0.0,0.0,0.0,18.0,1.0,1.0,0.0,0.0,0.0,0.0,0.0,0.0,0.0,0.0,0.0,0.0,0.0,0.0,1.0,0.0,121.0
0012fe9d9169082f598afaf13d80f3c6237820d02083bded7afe78508dcb8c83.apk,0012fe9d9169082f598afaf13d80f3c6237820d02083bded7afe78508dcb8c83,1,androzoo,1608538.0,1.0,20.0,8.0,0.0,0.0,0.0,0.0,0.0,1.0,0.0,0.0,0.0,1.0,1.0,0.0,0.0,1.0,0.0,0.0,1.0,0.0,1.0,0.0,0.0,1.0,0.0,1.0,0.0,7.0,3.0,1.0,0.0,0.0,0.0,0.0,0.0,0.0,0.0,0.0,0.0,0.0,0.0,0.0,1.0,0.0,12.0
00167d61d71a8a0f050b7aadbb2124e6f4048c9c36e2de519452154980f4c480.apk,00167d61d71a8a0f050b7aadbb2124e6f4048c9c36e2de519452154980f4c480,1,androzoo,2578671.0,1.0,38.0,6.0,0.0,0.0,0.0,0.0,0.0,1.0,0.0,0.0,1.0,0.0,1.0,0.0,0.0,0.0,0.0,0.0,1.0,0.0,1.0,0.0,0.0,1.0,0.0,0.0,0.0,8.0,2.0,1.0,0.0,0.0,0.0,0.0,0.0,0.0,0.0,0.0,0.0,0.0,0.0,0.0,1.0,0.0,146.0
001ca5c7327bd6833f3646883265f6a3cdea80bfa6780d1623b2f44fade6400d.apk,001ca5c7327bd6833f3646883265f6a3cdea80bfa6780d1623b2f44fade6400d,1,androzoo,152908.0,1.0,10.0,3.0,0.0,0.0,0.0,0.0,0.0,0.0,0.0,0.0,0.0,0.0,1.0,0.0,0.0,0.0,0.0,0.0,0.0,0.0,1.0,0.0,0.0,1.0,0.0,0.0,0.0,3.0,1.0,1.0,0.0,0.0,0.0,0.0,0.0,0.0,0.0,0.0,0.0,0.0,0.0,0.0,1.0,0.0,103.0
001e58cbdc7c3cc43d52f3728e1050fec8d8420b821a00e46378531d6ab6863c.apk,001e58cbdc7c3cc43d52f3728e1050fec8d8420b821a00e46378531d6ab6863c,1,androzoo,2910080.0,1.0,15.0,3.0,0.0,0.0,0.0,0.0,0.0,0.0,0.0,0.0,0.0,0.0,1.0,0.0,0.0,0.0,0.0,0.0,0.0,0.0,0.0,0.0,0.0,1.0,0.0,0.0,1.0,29.0,2.0,1.0,0.0,0.0,0.0,0.0,0.0,0.0,0.0,0.0,0.0,0.0,0.0,0.0,1.0,0.0,134.0
000290414caedc5c2f4c849925051eb952e71ace4163bf98b72972c1a4c3c6bf.apk,000290414caedc5c2f4c849925051eb952e71ace4163bf98b72972c1a4c3c6bf,1,androzoo,2683692.0,1.0,27.0,11.0,0.0,0.0,1.0,1.0,0.0,1.0,0.0,1.0,0.0,1.0,1.0,0.0,1.0,1.0,0.0,0.0,0.0,0.0,1.0,0.0,0.0,1.0,0.0,1.0,0.0,37.0,3.0,1.0,0.0,0.0,0.0,0.0,0.0,0.0,0.0,0.0,0.0,0.0,0.0,0.0,1.0,0.0,124.0
0007631191b108668f1fb8f139d95c059694a20d95b2145400b30b3741ef0e49.apk,0007631191b108668f1fb8f139d95c059694a20d95b2145400b30b3741ef0e49,1,androzoo,29678.0,1.0,6.0,2.0,0.0,0.0,0.0,0.0,0.0,0.0,0.0,0.0,0.0,0.0,0.0,0.0,0.0,0.0,0.0,0.0,0.0,0.0,1.0,0.0,0.0,1.0,0.0,0.0,0.0,0.0,1.0,1.0,0.0,0.0,0.0,0.0,0.0,0.0,0.0,0.0,0.0,0.0,0.0,0.0,1.0,0.0,122.0
001145ae0f2acb86b1ff4d717c74da0c5a1b9e85492f5b999f0748fb4c98b629.apk,001145ae0f2acb86b1ff4d717c74da0c5a1b9e85492f5b999f0748fb4c98b629,1,androzoo,1121186.0,1.0,12.0,4.0,0.0,0.0,0.0,0.0,0.0,1.0,0.0,0.0,0.0,1.0,1.0,0.0,0.0,0.0,0.0,0.0,0.0,0.0,0.0,0.0,0.0,1.0,0.0,0.0,0.0,5.0,0.0,0.0,0.0,0.0,0.0,0.0,0.0,0.0,0.0,0.0,0.0,0.0,0.0,0.0,1.0,0.0,147.0
001300d3c8aee32e65a3cedea9aa6d7e8310589a30322d039ccecac8413b8028.apk,001300d3c8aee32e65a3cedea9aa6d7e8310589a30322d039ccecac8413b8028,1,androzoo,2888197.0,1.0,19.0,9.0,0.0,0.0,0.0,0.0,0.0,1.0,0.0,0.0,0.0,1.0,1.0,0.0,0.0,1.0,0.0,0.0,1.0,0.0,1.0,0.0,0.0,1.0,0.0,1.0,1.0,13.0,2.0,2.0,0.0,0.0,0.0,0.0,0.0,0.0,0.0,0.0,0.0,0.0,0.0,0.0,1.0,0.0,68.0
001518c2ae9f1c5cd29cdfca46ef820bbb6564f4ab480889331d28b59f9f2ef9.apk,001518c2ae9f1c5cd29cdfca46ef820bbb6564f4ab480889331d28b59f9f2ef9,1,androzoo,380866.0,1.0,8.0,2.0,0.0,0.0,0.0,0.0,0.0,0.0,0.0,0.0,0.0,0.0,0.0,0.0,0.0,0.0,0.0,0.0,0.0,0.0,1.0,0.0,0.0,1.0,0.0,0.0,0.0,4.0,8.0,7.0,1.0,0.0,0.0,0.0,0.0,0.0,0.0,0.0,0.0,0.0,0.0,0.0,1.0,0.0,135.0
0016916488f89bbb28d4a7966666c25bff96863f5e1544548e8e287cde477249.apk,0016916488f89bbb28d4a7966666c25bff96863f5e1544548e8e287cde477249,1,androzoo,1206745.0,1.0,7.0,3.0,0.0,0.0,0.0,0.0,0.0,1.0,0.0,0.0,0.0,0.0,1.0,0.0,0.0,0.0,0.0,0.0,0.0,0.0,0.0,0.0,0.0,1.0,0.0,0.0,0.0,4.0,0.0,0.0,0.0,0.0,0.0,0.0,0.0,0.0,0.0,0.0,0.0,0.0,0.0,0.0,1.0,0.0,18.0
0018925b0f91e9ef9c04dc0bfa56997f420b453efc4ad874d8af38265e4e3290.apk,0018925b0f91e9ef9c04dc0bfa56997f420b453efc4ad874d8af38265e4e3290,1,androzoo,4951593.0,1.0,11.0,3.0,0.0,0.0,0.0,0.0,0.0,0.0,0.0,0.0,0.0,0.0,1.0,0.0,0.0,0.0,0.0,0.0,1.0,0.0,0.0,0.0,0.0,1.0,0.0,0.0,0.0,17.0,6.0,4.0,1.0,0.0,0.0,0.0,0.0,0.0,0.0,0.0,0.0,0.0,0.0,0.0,1.0,0.0,15.0
0018ae875d4d7dbb6940fdd896d1296e30426f7f13ecff0b35b4a59745ea14be.apk,0018ae875d4d7dbb6940fdd896d1296e30426f7f13ecff0b35b4a59745ea14be,1,androzoo,3215624.0,1.0,11.0,4.0,0.0,0.0,0.0,0.0,0.0,1.0,0.0,0.0,0.0,0.0,1.0,0.0,0.0,0.0,0.0,0.0,0.0,0.0,1.0,0.0,0.0,1.0,0.0,0.0,0.0,6.0,3.0,4.0,0.0,0.0,0.0,0.0,0.0,0.0,0.0,0.0,0.0,0.0,0.0,0.0,1.0,0.0,175.0
001eb3e765549d21a391fbadf221718513448d852e4b4a9365f090f7692b2be3.apk,001eb3e765549d21a391fbadf221718513448d852e4b4a9365f090f7692b2be3,1,androzoo,93581.0,1.0,5.0,1.0,0.0,0.0,0.0,0.0,0.0,0.0,0.0,0.0,0.0,0.0,1.0,0.0,0.0,0.0,0.0,0.0,0.0,0.0,0.0,0.0,0.0,0.0,0.0,0.0,0.0,3.0,0.0,0.0,0.0,0.0,0.0,0.0,0.0,0.0,0.0,0.0,0.0,0.0,0.0,0.0,1.0,0.0,113.0
0001a112e6fa954379b572d79c8fd77c14d2301266b9ba731445c5b82adec21d.apk,0001a112e6fa954379b572d79c8fd77c14d2301266b9ba731445c5b82adec21d,1,androzoo,1009428.0,1.0,14.0,4.0,0.0,0.0,0.0,0.0,0.0,1.0,0.0,0.0,0.0,0.0,1.0,0.0,0.0,0.0,0.0,0.0,1.0,0.0,0.0,0.0,0.0,1.0,0.0,0.0,0.0,2.0,0.0,0.0,0.0,0.0,0.0,0.0,0.0,0.0,0.0,0.0,0.0,0.0,0.0,0.0,1.0,0.0,140.0
00036e67c022b3f53c2478630483657bf3421965ef05c400946af0ff4777a1a8.apk,00036e67c022b3f53c2478630483657bf3421965ef05c400946af0ff4777a1a8,1,androzoo,1303195.0,1.0,8.0,4.0,0.0,0.0,0.0,0.0,0.0,1.0,0.0,0.0,1.0,0.0,0.0,0.0,0.0,0.0,0.0,0.0,0.0,0.0,1.0,0.0,0.0,1.0,0.0,0.0,0.0,6.0,2.0,1.0,0.0,0.0,0.0,0.0,0.0,0.0,0.0,0.0,0.0,0.0,0.0,0.0,1.0,0.0,135.0
0009223e02c465b7753d7fa23142be298d14d83260374900bd2d0ed5edae5275.apk,0009223e02c465b7753d7fa23142be298d14d83260374900bd2d0ed5edae5275,1,androzoo,3308410.0,1.0,8.0,4.0,0.0,0.0,0.0,0.0,0.0,1.0,0.0,0.0,0.0,1.0,1.0,0.0,0.0,0.0,0.0,0.0,0.0,0.0,0.0,0.0,0.0,1.0,0.0,0.0,0.0,11.0,0.0,0.0,1.0,0.0,0.0,0.0,0.0,0.0,0.0,0.0,0.0,0.0,0.0,0.0,1.0,0.0,128.0
000b2aac59ee2f1319a11a101a51e019d5fa1ecd3f721eb3458638d0d6347b24.apk,000b2aac59ee2f1319a11a101a51e019d5fa1ecd3f721eb3458638d0d6347b24,1,androzoo,1142224.0,1.0,8.0,4.0,0.0,0.0,0.0,0.0,0.0,1.0,0.0,0.0,0.0,0.0,1.0,0.0,0.0,0.0,0.0,0.0,0.0,0.0,0.0,0.0,0.0,1.0,0.0,1.0,0.0,9.0,0.0,1.0,0.0,0.0,0.0,0.0,0.0,0.0,0.0,0.0,0.0,0.0,0.0,0.0,1.0,0.0,175.0
0011672318b8644607be27d3735ebf82a1edbb393bd54b2359d0d85a7d0715a7.apk,0011672318b8644607be27d3735ebf82a1edbb393bd54b2359d0d85a7d0715a7,1,androzoo,1401433.0,1.0,18.0,5.0,0.0,0.0,0.0,0.0,0.0,0.0,0.0,0.0,0.0,0.0,1.0,0.0,0.0,0.0,0.0,0.0,1.0,0.0,1.0,0.0,0.0,1.0,0.0,1.0,0.0,3.0,2.0,2.0,0.0,0.0,0.0,0.0,0.0,0.0,0.0,0.0,0.0,0.0,0.0,0.0,1.0,0.0,17.0
0014e2e964595c23d44c9a498fc8ddac5de74c8072be8dc11c556f16620d46b6.apk,0014e2e964595c23d44c9a498fc8ddac5de74c8072be8dc11c556f16620d46b6,1,androzoo,569393.0,1.0,14.0,7.0,0.0,0.0,1.0,0.0,0.0,1.0,0.0,0.0,0.0,1.0,1.0,0.0,0.0,0.0,0.0,0.0,0.0,0.0,1.0,0.0,0.0,1.0,0.0,1.0,0.0,3.0,1.0,1.0,0.0,0.0,0.0,0.0,0.0,0.0,0.0,0.0,0.0,0.0,0.0,0.0,1.0,0.0,122.0
0019edf85f7feece3c9d9a1794b9fc066570a12853ed28f320dbd1e1ab441b77.apk,0019edf85f7feece3c9d9a1794b9fc066570a12853ed28f320dbd1e1ab441b77,1,androzoo,633017.0,1.0,11.0,5.0,0.0,0.0,0.0,0.0,0.0,1.0,0.0,0.0,0.0,0.0,1.0,0.0,0.0,0.0,0.0,0.0,1.0,0.0,1.0,0.0,0.0,1.0,0.0,0.0,0.0,4.0,1.0,3.0,0.0,0.0,0.0,0.0,0.0,0.0,0.0,0.0,0.0,0.0,0.0,0.0,1.0,1.0,62.0
001a23fac20f5f0e2ca0cad6db37186daf3ac1f68193524472457534fe4beb92.apk,001a23fac20f5f0e2ca0cad6db37186daf3ac1f68193524472457534fe4beb92,1,androzoo,1662500.0,1.0,11.0,4.0,0.0,0.0,0.0,0.0,0.0,1.0,0.0,0.0,0.0,0.0,1.0,0.0,0.0,0.0,0.0,0.0,0.0,0.0,0.0,0.0,0.0,1.0,0.0,0.0,1.0,6.0,1.0,1.0,0.0,0.0,0.0,0.0,0.0,0.0,0.0,0.0,0.0,0.0,0.0,0.0,1.0,0.0,22.0
000568f45eb96e4010713e46699b5006e5e0a2968946233c6799b3aa3947ca10.apk,000568f45eb96e4010713e46699b5006e5e0a2968946233c6799b3aa3947ca10,1,androzoo,1074831.0,1.0,9.0,6.0,0.0,0.0,0.0,1.0,0.0,0.0,0.0,1.0,0.0,0.0,1.0,0.0,0.0,0.0,0.0,0.0,1.0,0.0,0.0,0.0,1.0,1.0,0.0,0.0,0.0,6.0,1.0,3.0,0.0,0.0,0.0,0.0,0.0,0.0,0.0,0.0,0.0,0.0,0.0,0.0,1.0,0.0,132.0
00066eb22f2b1e0e82c0c1c8875c9778892320a72bb0c74bfa307376581e5f55.apk,00066eb22f2b1e0e82c0c1c8875c9778892320a72bb0c74bfa307376581e5f55,1,androzoo,2762973.0,1.0,15.0,5.0,0.0,0.0,0.0,0.0,0.0,1.0,0.0,0.0,0.0,0.0,1.0,0.0,0.0,1.0,0.0,0.0,0.0,0.0,1.0,0.0,0.0,1.0,0.0,0.0,0.0,14.0,2.0,6.0,0.0,0.0,0.0,0.0,0.0,0.0,0.0,0.0,0.0,0.0,0.0,0.0,1.0,0.0,134.0
00077f1a34cc84dadeb5e04964a6d0fc83ba6d64ef1fd79ff92ce238936f0c89.apk,00077f1a34cc84dadeb5e04964a6d0fc83ba6d64ef1fd79ff92ce238936f0c89,1,androzoo,506496.0,1.0,11.0,5.0,0.0,0.0,0.0,0.0,0.0,1.0,0.0,0.0,1.0,0.0,1.0,0.0,0.0,0.0,0.0,0.0,0.0,0.0,0.0,0.0,0.0,1.0,0.0,1.0,0.0,6.0,1.0,1.0,0.0,0.0,0.0,0.0,0.0,0.0,0.0,0.0,0.0,0.0,0.0,0.0,1.0,0.0,118.0
00083422f4523d2a984970d8d55c2e26d29f54d06ac4eff69f41a026412b9fa2.apk,00083422f4523d2a984970d8d55c2e26d29f54d06ac4eff69f41a026412b9fa2,1,androzoo,2600211.0,1.0,13.0,5.0,0.0,0.0,0.0,0.0,0.0,0.0,0.0,0.0,0.0,0.0,1.0,0.0,0.0,0.0,0.0,0.0,1.0,0.0,1.0,0.0,1.0,1.0,0.0,0.0,0.0,16.0,11.0,10.0,0.0,0.0,0.0,1.0,0.0,0.0,0.0,0.0,0.0,0.0,0.0,0.0,1.0,0.0,121.0
000b1387411dd2176a882349fb97d4d1b37ffa0335b1241a55580c7dffdca92f.apk,000b1387411dd2176a882349fb97d4d1b37ffa0335b1241a55580c7dffdca92f,1,androzoo,161649.0,1.0,8.0,3.0,0.0,0.0,0.0,0.0,0.0,0.0,0.0,0.0,0.0,0.0,1.0,0.0,0.0,0.0,0.0,0.0,0.0,0.0,1.0,0.0,0.0,1.0,0.0,0.0,0.0,4.0,1.0,2.0,0.0,0.0,0.0,0.0,0.0,0.0,0.0,0.0,0.0,0.0,0.0,0.0,1.0,0.0,121.0
001075b50b3243a48906d3047cfe23cd923493ff30aa1cfe8f8ea1a2a8bbc4f5.apk,001075b50b3243a48906d3047cfe23cd923493ff30aa1cfe8f8ea1a2a8bbc4f5,1,androzoo,2703688.0,1.0,9.0,5.0,0.0,0.0,0.0,0.0,0.0,1.0,0.0,0.0,0.0,0.0,1.0,0.0,1.0,0.0,0.0,0.0,0.0,0.0,0.0,0.0,0.0,1.0,0.0,1.0,0.0,22.0,0.0,0.0,0.0,0.0,0.0,0.0,0.0,0.0,0.0,0.0,0.0,0.0,0.0,0.0,1.0,0.0,81.0
0017a810fd8dfeb9ad0c2c76888934946c79d78b8091c66180f4a321e962d8e9.apk,0017a810fd8dfeb9ad0c2c76888934946c79d78b8091c66180f4a321e962d8e9,1,androzoo,3073753.0,1.0,11.0,3.0,0.0,0.0,0.0,0.0,0.0,1.0,0.0,0.0,0.0,0.0,1.0,0.0,0.0,0.0,0.0,0.0,0.0,0.0,0.0,0.0,0.0,1.0,0.0,0.0,0.0,8.0,1.0,1.0,0.0,0.0,0.0,0.0,0.0,0.0,0.0,0.0,0.0,0.0,0.0,0.0,1.0,0.0,175.0
001c86bf316eac39b1ef0bf0750fcdc5fc1bb435de92974e7e913a6d8bec9aa4.apk,001c86bf316eac39b1ef0bf0750fcdc5fc1bb435de92974e7e913a6d8bec9aa4,1,androzoo,1786210.0,1.0,10.0,5.0,0.0,0.0,0.0,0.0,0.0,1.0,0.0,0.0,1.0,0.0,1.0,0.0,0.0,0.0,0.0,0.0,0.0,0.0,1.0,0.0,0.0,1.0,0.0,0.0,0.0,6.0,1.0,1.0,0.0,0.0,0.0,0.0,0.0,0.0,0.0,0.0,0.0,0.0,0.0,0.0,1.0,0.0,20.0
