sha256,vt_detection,apk_size,pkg_name,dex_date,markets,proposed_label
000002b63fad4b030787f6de4081dc1e12325026eb7ddad146c52f5f4fc2d525,0,4300370,com.deperu.sitiosarequipa,1980-01-01 00:00:00,play.google.com,0
0000049d8911607971a3336de5cf36f4799d679d6bb9ef014cbfe73578a6e3ea,0,3161615,com.bmi.calculatorplus,1980-01-01 00:00:00,play.google.com,0
0000090c2169eff7e9a889ca1953cf39c887e0fd23a9bef6e44a387339842c40,0,2541606,eremeev.dev.montecarloradio,2014-08-21 23:38:28,PlayDrone,0
00000989f3e215ba9fc3bdd5b56af751343b540c1026bf42aea8febf68874ecc,0,1375862,kr.ac.snjc.library,2015-09-02 10:34:48,play.google.com,0
000010f33b578b4b5c33724520e38bd44485705dc1b6adde4975ebba7f114355,0,4727630,com.fearless.teengirl,1980-01-01 00:00:00,play.google.com,0
0000143ef8d00e3a65c5c8c380221d00678fed906fdc2ebc483d1987457c7b2b,0,1882706,com.kbf.app27730661,2016-01-19 13:28:36,play.google.com,0
00001c3ddd0fa4797dac37098fc4f1609d50b2e6be61213ca0ba8f38c02049cf,0,223372,com.smartcoder.sms,2014-09-01 15:34:38,play.google.com|PlayDrone,0
00001c429e58e2795b815f0eb63c603837afc0ee76e9ae633c27021e11435bb2,0,2559861,com.gau.go.launcherex.theme.pdpafq.ruuhen.advanced,2013-07-15 17:38:24,anzhi,0
0000230ae0799eaa963f0ae5337a0e6e1ac32acf1fa4e3c5fa7783cbae2efe77,0,669965,air.jp.co.studio.arcana.RegWoosh,2014-05-15 19:23:12,unknown|PlayDrone|play.google.com,0
000023794363c30636b7f1f22e3736329a8615621814e5f6a0a8b6268ea15c15,0,2320155,com.bruti.ipiss,1980-01-01 00:00:00,play.google.com,0
000023840783f38467e39cc93b0a9c8edb7df3a7f1d151245a16e6aa9e951ffc,0,554618,ch.milkbook,2014-07-20 12:27:14,PlayDrone|play.google.com,0
00002dc4c5eb5b50df52649f58927903f4e1adf1d0f29435f44606f2740a667e,0,3567145,com.gomax.app,2014-09-23 17:59:52,PlayDrone|play.google.com,0
00003198117ad92e2aeac2c7594740cae12e8326f80ef7d9dc93b30ab0a400cb,0,4866841,com.novaecorp.dealerportalandroid.cs,1980-01-01 00:00:00,play.google.com,0
000032d5b11cb0b00da0a45f08812a576b7a926209b8ed15fafe671b7246697f,0,3382093,com.kasm.Fill,1981-01-01 01:01:02,play.google.com,0
00003326aed0f089e9c5f35256a7daf3b0662faa2e3f4c66d384c27e7a43e1e8,0,3959369,com.gather.android,2014-11-07 10:58:16,anzhi,0
000036ac32cd1d71e70da2b0e16ec007050976edbe1b69c2c2288ebc967bd640,0,4207678,alice.spiral.nebula.theme,1980-01-01 00:00:00,play.google.com,0
000039bca5c0f3722e746a44942308184552c046b6d24c2417db78f3a9ea8c7d,0,3264729,net.Brussels.indexcity,2016-05-20 16:42:54,play.google.com,0
000039c61012480e58fc642604a5a53972b0414d9f78cf25a01d45d3438dbc77,0,2972974,com.skyd.bestpuzzle.comic.n75,2011-12-11 20:26:22,angeeks|appchina|anzhi,0
000040123df387dfbbb46132e26ce74a75d3935e5a04656e48ebb882107e953f,0,3992726,m.m.m2,2016-05-19 01:34:26,play.google.com,0
000040290a90f689fb71a84a1d85064867e6a4924e5b034331be716578d108a2,0,45969,com.jase.kr.web,1980-01-01 00:00:00,play.google.com,0
000040a9b9ebc7fcd250b9a115c015114bcd77e10a94d151438864e6f111a631,0,1234522,com.navayuga.bazaar,1981-01-01 01:01:02,play.google.com,0
00004295316d5993b4607d230954ab2a5e3cca611f7b4212fb31e5f93585b04f,0,3020719,com.smallappdeveloper.uklocalnews,1980-01-01 00:00:00,play.google.com,0
000046af75b3e9b34d9df6b5084a7649d5a0b4df82ca1e4f87ea61423b92acf5,0,1460067,com.cidcnh.caseihen,1980-01-01 00:00:00,play.google.com,0
000047ebe8af204f8e39cc9cfc314ef96ec37ec0a145b310424b1faddc6f98fc,0,2853154,it.briefingenova.big,1981-01-01 01:01:02,play.google.com,0
000049f9c8b2421f186fb9e4e02852b2f51ddf6301e14fe0c5133ca17e45b28c,0,3860453,net.teamdtr.tears910e,2008-02-29 03:33:46,anzhi,0
0000518e240f5fe821dcf86939a79688e5c26cb52c8005fea1f7db829485f52c,0,3801205,com.w2cyk.android.rfinder,1980-01-01 00:00:00,play.google.com,0
0000527d37451f842d5ba27f59c0646e9be9b5f976421075bce7630fad1a58c1,0,920272,com.applern.nclexquestions,1980-01-01 00:00:00,play.google.com,0
00005958e2e97ff7a887eaa58e06b0f3c217fdfc2940dcf76a4b60a9d8a98832,0,3336077,com.a24thlab.aggregatecalculator,1980-01-01 00:00:00,play.google.com,0
0000596f9a93a7379a6938897b7a27831a86b855944247c32e86b20161920509,0,2479287,com.bidatingapp.bisexualdatingsite,1980-01-01 00:00:00,play.google.com,0
00005aead2427ab1928f508a7fea182c44c3b33a7828660c7c6f7eda8c9314f3,0,2007234,de.unibremen.metag,1981-01-01 01:01:02,play.google.com,0
000068216bdb459df847bfdd67dd11069c3c50166db1ea8772cdc9250d948bcf,0,113036,com.paklena.batterydiviner.free,2011-05-01 17:05:54,PlayDrone|play.google.com,0
0000751d270946f8eb9488b1a49fe747cb263b2a888a575ebc4724a039e5ffe5,0,2884755,com.whiture.apps.hindi.modi,2014-07-28 22:09:40,PlayDrone|play.google.com,0
0000888cf0a387a5932a9061eed8db1402cee21f4a9f43a3bfe987b58bfd3ae7,0,2924396,com.gentleherd.app,1981-01-01 01:01:02,play.google.com,0
000089401ebe39e91284f7f67da232ca6e1a517ecf30df431e3d771fab3c70bb,0,2903474,com.baseafrique.lolamobile,1981-01-01 01:01:02,play.google.com,0
00008b28a5312ba8e059d32630c5aa2f6302ff7993d0d3c4b59521646104533b,0,966093,com.hudee.mama4f5394573f4bb89dbb55e6db,2012-03-05 00:12:44,appchina,0
00008b3a99aae2c8bc6ffd4287a724597592e5531ec5e2dd2e2f76eb21346c82,0,3990491,co.uk.mickgeorge.flutter_app_windows_home,1981-01-01 01:01:02,play.google.com,0
00008cb6ce7752544b147fe76b70a635db9a610db45b06c5c78efe7c7afa1079,0,2599976,it.gp.radiolidi,1980-01-01 00:00:00,play.google.com,0
0000950dd934762396be9a9b4d2d8c823ca0a11128ccc96b1dc232ea16cd1f41,0,4435522,be.coppieters.booli,1981-01-01 01:01:02,play.google.com,0
000097da80dcb357cf4effcf60387ad2a243635f20336c09944974c8877207f9,0,1867196,no.terra.android.rorosbanken,2014-01-27 09:44:20,play.google.com|PlayDrone,0
00009b4419c6dbd9986fbed50a277290cc159370ddf2c3621295e1a610981d83,0,4736726,com.intruderselfie.capture.and.security.alarm,1980-01-01 00:00:00,play.google.com,0
00009d04abccef4d9fbcb60e3647715172797a133df7480dc14b7921aff44eed,0,2207195,ndr.nikoolin.bullsandcows2,2014-12-23 23:48:08,play.google.com,0
00009d535d4b429f0dd0b505a3a3645f0d28ef023af91d44a502e4bd10580ce0,0,3791832,com.oks.atos,2014-08-08 12:04:06,play.google.com|PlayDrone,0
00009e4bde4e49b5f6f83ef2f0093288842acb813da515f226a0b08bac375d50,0,4722785,com.friendlydrive,2013-12-27 16:40:20,play.google.com,0
00009eed6efc17d9d36f49a5437c5b58eda08cfbcf252ba9c7a5bb933671dd43,0,1061379,com.ekcsoft.japaneseconversations,2014-09-27 15:51:58,PlayDrone|play.google.com,0
00009f268985e3c2d1a53ab20707379c1e27b31556ee079c0dd349efe002b8b9,0,2148283,com.ymkwt.android.mentalcalculation,1980-01-01 00:00:00,play.google.com,0
0000a7b09e2b695d069bc7ba4b9bd797f24eb532e0ad88666307913dde8edc2b,0,962870,com.goboko.Goboko,1980-01-01 00:00:00,play.google.com,0
0000ab538d270d9c59f9120e522c0500a51670185730d6d3ec7610276ede7393,0,4755717,com.cymstudio.mix1007.fm.radio.app.terre.haute,1980-01-01 00:00:00,play.google.com,0
0000aba1b3ea0e53349b8fcdfce2c75c32ef1bf8e24f698881f3ad8bae603fe3,0,1153383,com.haidermushtaq.bullincarnadine.discretepatterns,2015-06-14 18:21:34,play.google.com,0
0000ad1ae055db28cd36055d9f8a411052b24d70ad9d09a9bdeba53ec2803852,0,4180838,com.cleverflowhq.cleverflow,1981-01-01 01:01:02,play.google.com,0
0000b55b811357da67b95ed6f34ff81ac56519a3a753f6212aeb0e17b41e2905,0,3099766,de.djkgwemst.app,1980-01-01 00:00:00,play.google.com,0
0000ba2334579c54f2063b49b530189244e9dd3de6d10a96042250dc639c2af3,0,2533593,com.kostw.quotesshakespeare,1980-01-01 00:00:00,play.google.com,0
0000bbe2b06bd5b8a235cbe831da507991657d2c3191d142acff6bbded794833,0,219724,com.FixItClub,2013-01-14 19:59:08,PlayDrone|play.google.com,0
0000bffe7801730fea7670cb18783dcd6ddd36182290f27d8d4da895a5ccca37,0,3439958,com.worldmanager.sanchurro,2017-01-12 17:57:44,play.google.com,0
0000c025921f701674906b185aacc3da2fa82ef7f5f797028a0a6b1a3ba6d1c8,0,446616,com.neetrath.mdd,2014-08-24 15:48:30,PlayDrone|play.google.com,0
0000c226f289400ed8e761c1c7a29e1801087543b791c3731e7d621a1deab917,0,3609778,com.benke.EnterpriseApplicationTabForcyy,2014-04-14 09:21:42,anzhi,0
0000d20360defe2dc1e7e82cbf5a793f7637954c2380bdc73063ec9c0a01445d,0,1158883,com.andromo.dev244573.app243661,2013-09-25 19:27:00,play.google.com,0
0000d3b60b52c54051f4b5e5422bc65513b2a3b10c41296bd6b80f316f791477,0,3909043,com.hitouch.akinator,1981-01-01 01:01:02,play.google.com,0
0000d3f7ee33c44094c8006501899876c7dc315b34a3f972788f99464059838f,0,2407974,com.angelohernfc.autentico,1980-01-01 00:00:00,play.google.com,0
0000d51ef7e4f82827dbad75e1b95e2474913d3724afca6df94426ab4319b19b,0,42506,androidbaby.color2widget,2012-02-09 00:35:16,appchina,0
0000d64aac5e0b53da6dd9279ce5fc0de41c908b3f50b7206eef0c07f1e7d28d,0,3654201,com.tbi.vishalfitness,2017-12-29 12:07:30,play.google.com,0
0000d7c91e99b26830922550b9cc0533e8ec91bb44dd4570231fe6ede38afbca,0,658224,com.tengu.jivamuktiyogalondon,2014-09-22 11:51:08,PlayDrone,0
0000dc98a0419b7d79353523e2c286e45e5d1bfdc8722e6d58c24a8fc320cdd3,0,4502238,jp.clearning.clairP,1981-01-01 01:01:02,play.google.com,0
0000df0240818f95506bb076347e890d7bf12aa1b0a344d94d69a9b02de187cf,0,3921646,com.proapps.Booing.Sounds,1980-01-01 00:00:00,play.google.com,0
0000e1433b8a47540972a43d5f8a5eef61eedb19c41baeab2190baf49130fcb7,0,2287243,com.techpro.tkdev,1981-01-01 01:01:02,play.google.com,0
0000e2464fe6cb2a7361e32c03a3a1470bd0d671efe449bbd93d785537d54e4a,0,4579218,com.sinwho.gpslocation,1980-01-01 00:00:00,play.google.com,0
0000e4d0ec9963856818c5a54f6cf9aa6da783cb2a0d1b8620e65cf60cc2b03f,0,1782924,com.pablocesar.vork,1980-01-01 00:00:00,play.google.com,0
0000e71fb9719aa8bb23040ada2ad3031305811aed8fb698477598702d81f15d,0,3467294,io.mirailabs.fastlane,1980-01-01 00:00:00,play.google.com,0
0000e8e31d5fcdfa7d540077f9e6edf7a3f17af96e9dc70e4b6249b1fb255e57,0,4446547,com.papacekb.moon,2014-05-10 19:04:24,play.google.com,0
0000e9808b9756c71bf1b668cd148d1c2adea8fc81aaef54bb7ee10613989087,0,4527224,com.app.android.lknam.organizer,1980-01-01 00:00:00,play.google.com,0
0000e9ea6c0607aed06fedf63a0529cc8e19314e910468b894df10ca49035001,0,1067409,ideas.waqf.waqfideas,2014-07-03 15:51:58,play.google.com,0
0000ee327265f740a73481ffd4cfead52ada6fc95f14aea5a2d929d3a5e7228c,0,3240754,app.bowlr,1981-01-01 01:01:02,play.google.com,0
0000efc5a9993211b022e4bd649de19848f4628144acab35bfbbe901151e608a,0,4651746,com.mmegames.lastoftheliving,1981-01-01 01:01:02,play.google.com,0
0000f3377177c0713d846d970c7156747754d79044c4d32ac832b02693391b26,0,2440986,com.samwp.winter_olympics,2014-02-02 12:59:14,play.google.com,0
0000f398d2f16cedde5fc791792f93b8565df2917c6dbae05b4b4d33e47ae68b,0,1605868,com.rachittechnology.TheIndianTelegraphAct1883,2020-09-14 15:51:44,play.google.com,0
0000f7b1670210d84a55da6126679a0c44d4cbcbb5a26b6d2169a520fb821703,0,4951810,com.FireproofStudios.TheRoom2kztz,2015-12-22 01:51:52,anzhi,0
0000fee6d5f5baa7978499f59a4737c8e9a01fe13ae22a3a1d7b3f08a352fc8b,0,4955221,com.abilityjo.darathafnawi,1980-01-01 00:00:00,play.google.com,0
0001004d4800d916b44a27bd7c73f53db49976dfed41b696c5103dca967c90c0,0,2740303,com.flyingme.easylearnadobephotoshoptutorial,2014-02-01 02:12:16,play.google.com,0
0001020a7fa3ef528beeb9f411c769ec84eb90777e6f3078f42e53febc473c6c,0,138855,com.kalimatan.twa,1981-01-01 01:01:02,play.google.com,0
0001048c77b5fd01fd2c0c36155bb73c73533f4d3f06521af7332bcd9be4e319,0,582827,org.freshrss.easyrss,1980-01-01 00:00:00,fdroid,0
00010cc3c1c21c2583fd9e27947e20e7b80093ce3045970640bd76b8a0e1ac01,0,2611577,com.phorest.zaneedwardsalon,2018-02-07 15:55:24,play.google.com,0
0001127754ff04c2a3da2bfa1c40ae15353549dd8a1ca98daf52d8cfdcf13f97,0,2190553,com.softdx.qrscanner,2013-10-14 10:57:30,play.google.com,0
000114bf92ceca5e6745ca3defc8a37006c0bcc1206af689c7d382cb862dbbf3,0,3853537,com.rgiskard.fairnote,2016-07-17 12:40:58,play.google.com,0
0001166ae445064d64cb9fe83f8943607f0f188ab6928c96cfb86bedf957421f,0,4822290,com.app.seleniuminterviewquestions,1980-01-01 00:00:00,play.google.com,0
000117d08d5ecb0d222d4acebce4f4992925b46d560f27ed5401a5cbf72b36e7,0,3915798,com.ghs.mathpieces.mathpuzzle.braingame.mathmaster,1980-01-01 00:00:00,play.google.com,0
00011c10507671bc0e38a7161e6426717fed562e86df54f35fcdfd6c5414b2b6,0,3130807,photography.darkroom,2016-03-25 13:20:46,play.google.com,0
00012cd91dee2f7a419070f7cd18fbcbec66b674d5f26c1c941a1fbcc29d4aca,0,96082,kr.infocept.catholic.mass,2014-08-13 14:33:10,play.google.com|PlayDrone,0
00013c5bbfeb5f32ab775c7fd92308989c9345a2390bb6b042dcf9827ade102e,0,2206628,com.madcaps.apps.best.qrcode.qr.creator.generator,1980-01-01 00:00:00,play.google.com,0
000141350f5b8945b702629473f3b06c25552760d08d54255fc1b9075397f7cf,0,3615071,com.hb9d07d7bde2.www,1980-01-01 00:00:00,play.google.com,0
000148472399534a17838424a46526797e10749b6196ee3993fe087748e3e00b,0,37375,info.onemore.scoreboard,2011-07-13 13:59:32,appchina,0
00014b2550173b1e6bef060f5468363bfb0290c35f6fc9a24bc5864d15d20e8e,0,2816998,com.expert.callernameannouncer,1980-01-01 00:00:00,play.google.com,0
00014b3656e1a8ad700821333506d76916da4f605fbcc1ba58426b8305af3a98,0,3712213,com.mercandalli.android.browser,1981-01-01 01:01:02,play.google.com,0
00014c61823f4f2dc65a0c427816ae3e8fe02da5bfef53f283bcfdf2052fd200,0,4835016,com.hwl.qb,2015-11-20 03:05:04,appchina,0
00014da66d31bf519d21f69a1430c3bd5ca2956a137bba76d8665f4e4e1658a2,0,4535909,com.jb.gokeyboard.theme.keyboard.candychocolate,2014-07-23 16:59:58,PlayDrone|play.google.com,0
00015250e9eba5f5bb7f8683a453dd3234385440f11ba7428d87ff679d7bc450,0,4899096,tz.co.nyotaapps.housekeepers.housekeepers,1980-01-01 00:00:00,play.google.com,0
000156406c2ff5fdb2b8455c759f3ead345a62bf847af1732759673c5ab14ec9,0,2507120,com.sg.android.calcimc,1980-01-01 00:00:00,play.google.com,0
000156763fb9bc571be3ec98f4c4ab0a34657eddf7c009d6213f941e54553769,0,1290099,kr.co.jeukauto.blog.webchon_jeukautoblog,1980-01-01 00:00:00,play.google.com,0
00015854a8b7142aa801712a7fd6f70181c9a4b402bd078685bfbc876569566a,0,4119911,appinventor.ai_bramaraisports.BigDollar,1981-01-01 01:01:02,play.google.com,0
00015bbc4b822b1ead01ddf3b64d52df13a3a64271f58eb1151bf1aa7c3cd6f8,0,1879685,com.baoruan.theme.lbceqaiaiIrwilxELdh,2013-01-24 16:08:14,appchina,0
0001605a9ccea2039e2c037e937a1cbb5fffe7181aea3b2cf7aece709ea04cb6,0,2435129,op27no2.parentscope,1980-01-01 00:00:00,play.google.com,0
00016384587286cb19977de7fc7755a791ab4a0798cdcc4e24c89492ced698dc,0,4578037,pattent_sharing_aos.smartteeam.gdt.com.livechat,1980-01-01 00:00:00,play.google.com,0
